area,price,num_of_stories,num_of_bedrooms,num_of_toilets
46.0,8.0,4.0,4.0,4.0
47.0,3.15,3.0,3.0,2.0
100.0,3.3,2.0,2.0,2.0
100.0,4.5,3.0,3.0,2.0
80.0,5.4,1.0,2.0,1.0
106.0,4.72,2.0,3.0,3.0
106.0,4.72,2.0,3.0,3.0
100.0,6.6,2.0,3.0,3.0
100.0,6.6,2.0,3.0,3.0
31.0,2.29,2.0,2.0,2.0
31.0,2.29,2.0,2.0,2.0
31.0,2.29,2.0,2.0,2.0
100.0,3.15,1.0,2.0,1.0
100.0,4.9,3.0,3.0,3.0
85.0,3.39,3.0,3.0,3.0
54.0,2.95,2.0,2.0,2.0
100.0,6.2,3.0,3.0,4.0
80.0,6.5,3.0,4.0,4.0
80.0,6.5,3.0,4.0,4.0
120.0,14.5,4.0,5.0,7.0
71.4,4.7,1.0,3.0,1.0
68.0,2.7,2.0,3.0,2.0
186.0,6.7,2.0,4.0,4.0
54.0,2.95,2.0,2.0,2.0
100.0,6.2,3.0,3.0,4.0
85.0,3.39,3.0,3.0,3.0
54.0,2.95,2.0,2.0,2.0
100.0,6.2,3.0,3.0,4.0
50.0,5.25,2.0,2.0,2.0
50.0,5.25,2.0,2.0,2.0
80.0,6.5,3.0,4.0,4.0
120.0,14.5,4.0,5.0,7.0
71.4,4.7,1.0,3.0,1.0
68.0,2.7,2.0,3.0,2.0
186.0,6.7,2.0,4.0,4.0
100.0,5.95,2.0,3.0,2.0
116.0,6.25,3.0,3.0,4.0
55.0,6.9,3.0,3.0,2.0
81.0,5.55,3.0,3.0,3.0
121.0,2.85,2.0,3.0,3.0
68.0,4.25,3.0,4.0,4.0
105.0,6.9,3.0,4.0,4.0
60.0,4.5,4.0,4.0,5.0
120.0,2.5,2.0,3.0,2.0
100.0,6.4,3.0,4.0,3.0
55.0,4.15,3.0,4.0,4.0
110.0,5.2,2.0,3.0,2.0
69.0,7.7,4.0,5.0,4.0
132.0,8.9,3.0,3.0,3.0
69.0,7.7,4.0,5.0,4.0
132.0,8.9,3.0,3.0,3.0
150.0,6.2,4.0,2.0,1.0
90.0,4.2,1.0,2.0,1.0
110.0,7.6,3.0,3.0,3.0
134.6,9.5,3.0,5.0,5.0
84.0,6.8,3.0,3.0,3.0
80.0,3.25,2.0,3.0,4.0
80.0,3.25,2.0,3.0,4.0
95.0,8.0,3.0,3.0,4.0
81.0,6.1,3.0,3.0,3.0
100.0,6.5,2.0,4.0,2.0
71.0,3.8,3.0,3.0,3.0
60.0,3.45,3.0,4.0,4.0
60.0,3.45,3.0,4.0,4.0
100.0,4.15,2.0,3.0,2.0
80.0,3.4,3.0,3.0,4.0
83.4,8.9,3.0,4.0,3.0
118.0,11.8,2.0,3.0,3.0
82.5,5.6,3.0,4.0,3.0
85.0,5.95,3.0,3.0,3.0
70.0,12.5,3.0,3.0,5.0
62.0,5.1,3.0,3.0,3.0
108.0,4.95,3.0,2.0,3.0
100.0,2.85,2.0,3.0,2.0
100.0,4.5,3.0,3.0,3.0
100.0,8.0,3.0,3.0,3.0
97.5,6.6,2.0,4.0,2.0
76.3,7.19,3.0,3.0,4.0
87.5,7.95,3.0,4.0,3.0
56.0,6.85,4.0,4.0,4.0
85.0,5.5,2.0,2.0,2.0
105.0,3.85,3.0,3.0,3.0
95.0,5.15,3.0,4.0,3.0
100.0,4.7,2.0,3.0,2.0
52.0,7.5,4.0,4.0,4.0
100.0,2.95,1.0,2.0,1.0
68.0,5.6,4.0,4.0,5.0
52.0,4.65,3.0,3.0,2.0
102.0,8.5,3.0,4.0,4.0
108.0,12.5,3.0,4.0,5.0
100.0,10.0,4.0,5.0,6.0
92.0,4.1,2.0,2.0,1.0
84.0,6.25,4.0,3.0,5.0
52.0,4.65,3.0,3.0,2.0
102.0,8.5,3.0,4.0,4.0
108.0,12.5,3.0,4.0,5.0
100.0,10.0,4.0,5.0,6.0
92.0,4.1,2.0,2.0,1.0
92.0,4.1,2.0,2.0,1.0
84.0,6.25,4.0,3.0,5.0
97.5,8.5,2.0,2.0,2.0
100.0,8.5,2.0,2.0,3.0
34.0,2.25,3.0,2.0,2.0
100.0,3.48,2.0,3.0,2.0
66.0,2.55,1.0,3.0,2.0
90.0,5.9,3.0,3.0,3.0
100.0,8.0,2.0,3.0,2.0
95.0,9.6,3.0,4.0,4.0
112.6,4.8,1.0,2.0,2.0
90.0,3.9,2.0,2.0,2.0
56.0,5.05,2.0,3.0,3.0
117.5,9.5,2.0,4.0,2.0
70.0,7.0,3.0,3.0,3.0
95.0,6.4,3.0,5.0,5.0
70.0,6.2,4.0,4.0,6.0
95.0,7.7,3.0,3.0,3.0
95.0,6.4,3.0,5.0,5.0
70.0,6.2,4.0,4.0,6.0
100.0,3.35,2.0,2.0,2.0
86.8,8.5,3.0,3.0,4.0
60.0,4.0,3.0,4.0,2.0
75.0,2.5,2.0,2.0,2.0
35.4,2.5,2.0,2.0,2.0
58.0,3.7,4.0,4.0,4.0
76.0,4.9,2.0,3.0,2.0
82.5,7.6,3.0,3.0,3.0
82.5,7.6,3.0,3.0,3.0
110.0,15.0,3.0,3.0,3.0
90.0,6.0,3.0,3.0,3.0
60.0,7.0,3.0,3.0,2.0
150.0,16.5,3.0,5.0,5.0
93.8,17.0,3.0,4.0,3.0
76.0,7.25,4.0,3.0,5.0
103.0,15.5,3.0,5.0,4.0
82.0,6.8,3.0,3.0,3.0
90.0,6.5,3.0,4.0,4.0
118.0,6.2,3.0,4.0,3.0
100.0,3.99,3.0,3.0,3.0
100.0,4.35,2.0,3.0,2.0
100.0,5.0,2.0,2.0,2.0
100.0,4.19,3.0,3.0,3.0
65.0,10.2,3.0,4.0,4.0
100.0,5.0,2.0,2.0,2.0
100.0,4.19,3.0,3.0,3.0
65.0,10.2,3.0,4.0,4.0
103.0,15.5,3.0,5.0,7.0
82.0,5.2,2.0,2.0,2.0
100.0,11.5,3.0,3.0,3.0
108.0,12.0,3.0,4.0,3.0
55.0,11.0,4.0,3.0,3.0
100.0,3.5,2.0,3.0,2.0
100.0,11.5,3.0,3.0,3.0
108.0,12.0,3.0,4.0,3.0
55.0,11.0,4.0,3.0,3.0
100.0,3.5,2.0,3.0,2.0
80.0,5.5,2.0,3.0,2.0
70.0,6.2,3.0,4.0,3.0
60.0,4.9,2.0,3.0,2.0
85.0,14.2,3.0,3.0,3.0
167.0,12.5,1.0,3.0,2.0
100.0,9.0,3.0,4.0,5.0
120.0,13.0,4.0,4.0,4.0
108.0,17.0,4.0,4.0,4.0
80.0,8.5,4.0,3.0,3.0
95.0,7.6,3.0,3.0,3.0
100.0,10.4,3.0,3.0,3.0
137.0,5.5,3.0,4.0,5.0
81.0,5.6,3.0,3.0,3.0
158.5,5.95,2.0,3.0,3.0
105.0,6.0,2.0,3.0,3.0
50.0,8.0,3.0,3.0,2.0
45.0,4.58,3.0,3.0,3.0
100.0,6.7,3.0,3.0,3.0
88.0,12.0,4.0,5.0,3.0
82.0,3.6,2.0,3.0,2.0
37.0,2.7,2.0,2.0,2.0
182.0,12.5,3.0,3.0,4.0
76.0,7.25,4.0,3.0,5.0
85.9,6.49,2.0,3.0,2.0
59.0,5.0,3.0,3.0,3.0
55.0,5.45,3.0,4.0,3.0
115.0,14.5,4.0,5.0,5.0
60.0,7.2,4.0,4.0,5.0
75.0,5.35,3.0,4.0,4.0
45.0,4.65,3.0,3.0,3.0
76.0,7.25,4.0,3.0,5.0
85.0,15.5,2.0,3.0,3.0
76.0,7.25,4.0,3.0,5.0
85.0,15.5,2.0,3.0,3.0
84.2,3.65,2.0,2.0,2.0
106.0,13.0,4.0,4.0,4.0
95.0,10.5,3.0,4.0,3.0
110.0,15.5,4.0,5.0,5.0
105.0,15.5,4.0,5.0,5.0
105.0,15.5,4.0,5.0,5.0
90.0,7.0,2.0,4.0,2.0
100.0,9.5,4.0,3.0,5.0
76.0,7.25,4.0,3.0,5.0
90.0,7.0,2.0,4.0,2.0
100.0,0.09,3.0,3.0,3.0
103.0,2.5,1.0,3.0,3.0
60.0,12.8,4.0,3.0,3.0
103.0,2.5,1.0,3.0,3.0
60.0,12.8,4.0,3.0,3.0
71.0,11.99,4.0,4.0,4.0
76.0,7.25,4.0,5.0,5.0
108.0,16.1,3.0,5.0,5.0
83.0,12.5,2.0,3.0,2.0
100.0,4.95,3.0,3.0,2.0
132.0,9.9,3.0,5.0,5.0
81.0,5.3,3.0,3.0,3.0
81.0,5.3,3.0,3.0,3.0
56.0,3.05,2.0,2.0,2.0
38.0,2.2,1.0,2.0,2.0
83.0,3.7,1.0,2.0,1.0
54.0,2.45,2.0,3.0,3.0
87.5,8.3,3.0,3.0,4.0
87.4,12.5,3.0,3.0,3.0
45.0,4.58,3.0,3.0,3.0
108.0,4.89,2.0,2.0,2.0
105.0,6.5,3.0,3.0,3.0
105.0,6.5,3.0,3.0,3.0
90.0,4.6,2.0,3.0,3.0
150.6,15.5,3.0,4.0,5.0
90.0,4.19,2.0,2.0,2.0
120.0,9.1,3.0,3.0,3.0
100.0,3.68,2.0,3.0,2.0
60.0,2.97,2.0,3.0,2.0
80.0,3.25,2.0,3.0,4.0
173.5,9.2,4.0,5.0,7.0
92.4,9.65,2.0,2.0,2.0
70.0,5.6,3.0,3.0,3.0
125.0,4.7,2.0,2.0,2.0
118.0,6.8,4.0,4.0,4.0
144.0,8.5,4.0,5.0,5.0
110.6,6.45,3.0,3.0,3.0
100.0,7.7,2.0,2.0,2.0
100.0,6.0,3.0,4.0,4.0
100.0,6.8,3.0,3.0,3.0
54.0,2.95,2.0,2.0,2.0
56.0,5.3,3.0,3.0,3.0
41.1,8.2,3.0,3.0,2.0
160.0,17.6,3.0,5.0,6.0
100.0,6.9,3.0,4.0,4.0
93.3,9.49,2.0,2.0,3.0
108.0,12.5,3.0,4.0,4.0
108.0,12.5,3.0,4.0,4.0
75.0,6.2,3.0,3.0,4.0
138.0,13.0,2.0,5.0,3.0
100.0,11.5,3.0,4.0,4.0
100.0,5.1,2.0,4.0,4.0
100.0,4.55,3.0,4.0,4.0
106.0,4.0,3.0,4.0,4.0
100.0,5.1,2.0,4.0,4.0
100.0,4.55,3.0,4.0,4.0
106.0,4.0,3.0,4.0,4.0
108.53,16.1,3.0,3.0,4.0
54.0,10.2,3.0,2.0,2.0
90.0,13.5,4.0,5.0,5.0
100.0,7.2,3.0,3.0,3.0
100.0,4.5,1.0,2.0,2.0
100.0,5.9,3.0,3.0,4.0
110.0,4.8,3.0,4.0,3.0
167.0,7.6,2.0,3.0,3.0
162.0,8.55,1.0,3.0,2.0
162.0,8.55,1.0,3.0,2.0
76.0,7.25,4.0,5.0,5.0
60.0,4.9,3.0,3.0,3.0
35.0,8.89,3.0,3.0,1.0
100.0,3.98,2.0,3.0,2.0
70.0,6.0,2.0,3.0,2.0
92.0,3.5,1.0,2.0,1.0
80.0,7.2,1.0,3.0,2.0
70.0,6.0,2.0,3.0,2.0
92.0,3.5,1.0,2.0,1.0
80.0,7.2,1.0,3.0,2.0
75.0,4.8,1.0,2.0,1.0
105.0,5.4,3.0,4.0,3.0
100.0,4.0,2.0,3.0,2.0
77.5,3.3,2.0,3.0,2.0
110.6,6.45,3.0,3.0,3.0
77.5,3.3,2.0,3.0,2.0
110.6,6.45,3.0,3.0,3.0
100.0,5.9,3.0,3.0,3.0
90.0,6.3,3.0,5.0,4.0
85.0,3.9,2.0,3.0,2.0
85.5,4.69,2.0,2.0,1.0
54.0,8.1,2.0,2.0,2.0
77.5,8.9,2.0,2.0,2.0
105.0,15.99,3.0,5.0,4.0
60.0,3.8,3.0,3.0,3.0
100.0,4.95,3.0,3.0,3.0
100.0,10.5,3.0,4.0,3.0
50.0,2.5,2.0,3.0,3.0
106.0,4.6,3.0,4.0,3.0
60.0,3.78,3.0,4.0,2.0
100.0,15.0,3.0,4.0,4.0
112.5,2.8,1.0,2.0,1.0
105.0,6.2,3.0,3.0,3.0
105.0,9.6,3.0,4.0,4.0
92.5,7.3,3.0,4.0,4.0
75.0,7.25,4.0,4.0,5.0
100.0,2.9,2.0,3.0,2.0
100.0,2.9,2.0,3.0,2.0
100.0,15.0,4.0,5.0,4.0
90.0,5.28,4.0,4.0,5.0
65.0,4.6,3.0,3.0,3.0
43.0,3.7,2.0,2.0,2.0
43.0,2.98,3.0,4.0,3.0
76.0,4.7,2.0,3.0,2.0
80.0,7.0,3.0,3.0,2.0
94.6,5.3,3.0,3.0,3.0
94.6,5.3,3.0,3.0,3.0
161.4,8.55,1.0,3.0,2.0
100.0,11.0,3.0,3.0,3.0
95.0,2.1,2.0,2.0,2.0
107.0,6.15,2.0,4.0,3.0
115.0,10.5,2.0,5.0,5.0
73.2,4.58,2.0,3.0,3.0
73.2,4.58,2.0,3.0,3.0
142.0,7.6,2.0,3.0,2.0
86.8,8.0,3.0,3.0,4.0
142.0,7.6,2.0,3.0,2.0
86.8,8.0,3.0,3.0,4.0
90.0,4.7,3.0,3.0,3.0
108.0,15.336,3.0,5.0,6.0
65.0,4.39,3.0,4.0,4.0
100.0,3.15,1.0,4.0,4.0
67.0,2.85,2.0,2.0,2.0
82.0,4.3,2.0,2.0,2.0
73.0,3.49,2.0,3.0,2.0
94.0,2.7,1.0,2.0,2.0
73.0,3.49,2.0,3.0,2.0
94.0,2.7,1.0,2.0,2.0
96.0,5.9,2.0,3.0,3.0
95.0,9.5,3.0,4.0,3.0
90.0,9.2,3.0,4.0,4.0
98.0,5.5,1.0,2.0,2.0
61.0,3.5,3.0,5.0,5.0
90.0,7.2,2.0,4.0,2.0
75.0,9.0,3.0,4.0,4.0
95.0,6.4,4.0,5.0,5.0
120.0,12.7,4.0,5.0,5.0
85.0,5.75,4.0,4.0,6.0
74.3,7.2,3.0,3.0,1.0
100.0,8.5,3.0,5.0,5.0
95.0,6.6,2.0,5.0,4.0
100.0,6.7,3.0,4.0,4.0
66.3,3.95,3.0,3.0,4.0
82.0,13.0,2.0,3.0,3.0
65.0,4.3,3.0,4.0,3.0
65.4,5.7,3.0,3.0,3.0
70.0,6.2,3.0,4.0,3.0
84.0,8.3,3.0,4.0,4.0
100.0,4.9,3.0,4.0,3.0
100.0,4.9,3.0,4.0,3.0
100.0,1.55,1.0,2.0,1.0
180.0,7.5,1.0,2.0,3.0
90.0,6.5,3.0,4.0,4.0
133.0,8.2,2.0,3.0,2.0
78.0,8.3,3.0,3.0,4.0
75.0,4.38,3.0,4.0,3.0
70.0,5.59,3.0,3.0,3.0
85.0,5.5,2.0,2.0,2.0
125.0,4.6,1.0,5.0,5.0
118.0,6.8,4.0,5.0,4.0
50.0,8.0,3.0,4.0,4.0
100.0,4.6,2.0,4.0,3.0
81.0,6.0,3.0,3.0,3.0
125.0,7.2,3.0,3.0,3.0
95.0,7.2,3.0,4.0,3.0
90.0,3.4,2.0,3.0,3.0
70.0,12.8,3.0,3.0,3.0
123.0,5.6,1.0,4.0,4.0
45.0,4.5,2.0,3.0,2.0
80.0,5.1,3.0,3.0,4.0
100.0,6.0,3.0,3.0,3.0
136.0,7.5,2.0,3.0,2.0
72.0,3.79,2.0,3.0,2.0
95.0,6.4,4.0,5.0,5.0
90.0,7.8,2.0,3.0,2.0
90.0,4.1,2.0,3.0,2.0
100.0,4.7,3.0,3.0,3.0
108.0,16.416,3.0,4.0,5.0
108.0,16.5,3.0,4.0,5.0
100.0,10.5,3.0,4.0,4.0
150.0,12.49,1.0,3.0,2.0
73.0,4.58,2.0,3.0,2.0
106.0,13.0,4.0,3.0,3.0
83.0,4.95,3.0,3.0,4.0
105.0,4.35,2.0,3.0,2.0
51.0,7.5,4.0,4.0,4.0
105.0,4.5,2.0,5.0,5.0
70.0,5.5,2.0,3.0,2.0
54.0,4.8,3.0,3.0,4.0
135.5,2.95,1.0,2.0,1.0
84.0,6.25,2.0,4.0,4.0
34.0,2.25,3.0,2.0,2.0
73.0,7.6,2.0,2.0,2.0
60.0,3.95,3.0,3.0,3.0
25.0,1.95,2.0,2.0,2.0
63.0,7.9,1.0,2.0,1.0
82.0,5.15,2.0,4.0,3.0
80.0,5.6,3.0,3.0,3.0
100.0,11.0,3.0,3.0,4.0
93.0,9.5,2.0,2.0,3.0
160.0,10.5,1.0,2.0,1.0
125.0,4.85,3.0,3.0,2.0
40.0,2.95,3.0,2.0,3.0
106.0,13.0,4.0,3.0,3.0
108.6,10.5,4.0,4.0,4.0
67.0,3.9,2.0,2.0,3.0
36.0,3.25,2.0,2.0,2.0
95.0,9.9,4.0,5.0,5.0
152.0,10.5,3.0,3.0,2.0
67.0,3.05,2.0,3.0,3.0
150.0,10.0,2.0,4.0,3.0
95.0,7.2,3.0,4.0,3.0
60.0,3.6,3.0,4.0,3.0
42.0,1.9,2.0,3.0,2.0
140.0,14.98,3.0,5.0,6.0
52.0,4.95,2.0,2.0,2.0
82.0,13.99,4.0,4.0,4.0
40.0,2.95,2.0,3.0,3.0
95.0,6.4,4.0,5.0,5.0
140.0,6.9,2.0,5.0,4.0
160.0,7.2,2.0,3.0,3.0
124.0,8.2,4.0,4.0,4.0
114.0,16.0,3.0,3.0,4.0
120.0,11.6,4.0,3.0,3.0
100.0,4.0,3.0,3.0,3.0
55.0,3.9,2.0,2.0,1.0
50.0,3.25,2.0,3.0,2.0
56.0,5.5,1.0,2.0,2.0
106.0,13.0,4.0,3.0,3.0
120.0,5.4,2.0,3.0,2.0
40.0,1.95,2.0,2.0,2.0
50.0,2.05,2.0,2.0,2.0
130.0,15.0,2.0,3.0,3.0
82.0,7.6,3.0,3.0,4.0
50.0,3.1,2.0,3.0,3.0
105.0,7.05,3.0,3.0,4.0
81.0,11.5,4.0,3.0,3.0
54.1,5.7,3.0,3.0,3.0
75.0,2.8,3.0,3.0,3.0
80.0,5.6,3.0,5.0,4.0
123.0,10.5,1.0,3.0,1.0
100.0,4.75,2.0,3.0,2.0
100.0,4.0,3.0,3.0,3.0
87.0,12.4,3.0,3.0,3.0
43.0,2.98,4.0,3.0,3.0
47.0,3.45,2.0,3.0,3.0
90.0,3.65,2.0,3.0,3.0
60.0,3.75,3.0,3.0,3.0
60.0,7.6,3.0,3.0,2.0
80.0,5.1,3.0,3.0,3.0
100.0,7.0,3.0,5.0,5.0
80.0,6.7,3.0,3.0,3.0
66.0,3.88,3.0,2.0,2.0
100.0,13.0,3.0,3.0,3.0
116.0,12.0,3.0,4.0,3.0
73.0,11.2,4.0,4.0,4.0
92.5,7.29,3.0,4.0,4.0
94.0,10.5,3.0,4.0,4.0
83.0,6.7,3.0,3.0,3.0
52.0,4.9,1.0,2.0,1.0
40.6,2.2,2.0,2.0,2.0
126.0,5.09,1.0,4.0,4.0
75.0,7.6,4.0,4.0,4.0
100.0,7.8,3.0,3.0,3.0
100.0,5.6,3.0,3.0,3.0
126.0,7.3,3.0,5.0,5.0
55.1,6.8,3.0,3.0,3.0
76.0,7.25,4.0,3.0,5.0
112.7,2.8,1.0,2.0,2.0
70.0,4.2,3.0,3.0,3.0
100.0,6.65,2.0,3.0,2.0
100.0,8.0,3.0,3.0,3.0
90.0,5.29,4.0,4.0,5.0
120.0,7.8,4.0,4.0,3.0
80.0,5.2,3.0,3.0,3.0
83.3,5.9,4.0,4.0,4.0
100.0,4.35,2.0,2.0,2.0
81.0,5.6,3.0,3.0,4.0
90.0,1.73,1.0,5.0,5.0
78.0,8.2,3.0,3.0,4.0
80.0,8.1,3.0,3.0,4.0
135.0,16.2,2.0,3.0,2.0
98.0,2.75,1.0,2.0,1.0
75.0,7.2,2.0,2.0,3.0
125.0,4.7,2.0,3.0,2.0
151.0,5.4,2.0,3.0,2.0
100.0,5.5,3.0,3.0,3.0
114.0,2.79,1.0,3.0,2.0
95.0,7.6,3.0,3.0,3.0
125.0,5.4,2.0,3.0,2.0
52.0,9.7,4.0,4.0,4.0
92.0,5.0,1.0,2.0,2.0
70.0,4.4,3.0,5.0,5.0
76.0,3.3,3.0,3.0,4.0
61.4,3.79,2.0,3.0,3.0
94.6,5.3,3.0,3.0,3.0
95.0,4.0,1.0,3.0,1.0
105.0,8.2,3.0,4.0,5.0
60.0,3.9,3.0,3.0,3.0
45.0,9.0,2.0,2.0,1.0
95.0,5.4,2.0,4.0,2.0
60.0,4.35,2.0,2.0,2.0
85.0,6.45,3.0,3.0,4.0
72.0,5.69,3.0,3.0,4.0
95.0,7.7,3.0,4.0,4.0
70.0,6.2,3.0,4.0,4.0
116.0,6.9,1.0,3.0,3.0
95.0,6.4,4.0,5.0,5.0
105.0,7.0,3.0,4.0,4.0
94.0,5.3,4.0,3.0,2.0
120.0,11.2,3.0,3.0,4.0
100.0,17.5,4.0,4.0,4.0
84.0,8.6,3.0,4.0,5.0
130.0,16.9,3.0,4.0,5.0
106.0,4.7,3.0,4.0,3.0
58.0,13.0,4.0,4.0,4.0
100.0,4.37,2.0,2.0,2.0
140.0,7.5,3.0,4.0,5.0
100.0,4.6,2.0,4.0,4.0
108.0,15.8,3.0,3.0,4.0
42.0,1.85,2.0,2.0,2.0
84.0,4.35,2.0,3.0,2.0
64.0,8.5,4.0,3.0,3.0
105.0,3.8,1.0,2.0,1.0
75.0,7.55,2.0,3.0,2.0
72.9,11.2,4.0,2.0,2.0
70.0,4.9,3.0,4.0,3.0
120.0,10.3,3.0,5.0,3.0
155.0,10.8,3.0,4.0,5.0
85.0,5.95,3.0,3.0,4.0
80.0,5.3,2.0,3.0,3.0
125.0,8.2,4.0,3.0,4.0
100.0,3.35,2.0,3.0,2.0
95.0,7.7,3.0,3.0,3.0
100.0,5.4,4.0,4.0,4.0
90.0,12.5,3.0,3.0,3.0
95.0,5.3,3.0,3.0,3.0
63.0,5.5,3.0,3.0,3.0
115.0,10.5,2.0,3.0,3.0
102.0,8.0,2.0,3.0,3.0
78.7,8.7,3.0,4.0,3.0
60.1,3.45,3.0,4.0,3.0
97.7,3.15,2.0,3.0,2.0
80.0,5.59,3.0,3.0,4.0
52.7,2.65,1.0,2.0,2.0
132.6,8.2,2.0,3.0,2.0
45.0,2.69,2.0,2.0,2.0
121.0,5.3,2.0,3.0,3.0
98.3,8.9,3.0,3.0,3.0
70.0,5.5,3.0,3.0,3.0
84.0,6.8,3.0,3.0,3.0
90.0,7.9,2.0,4.0,3.0
90.0,7.9,2.0,4.0,3.0
52.0,4.7,2.0,2.0,2.0
198.0,14.3,3.0,5.0,5.0
100.0,3.99,3.0,3.0,3.0
56.2,10.5,2.0,3.0,2.0
95.0,7.65,3.0,3.0,3.0
80.0,11.9,3.0,3.0,3.0
167.0,7.65,2.0,3.0,2.0
116.0,6.25,3.0,3.0,4.0
100.0,4.25,1.0,2.0,1.0
81.0,7.0,3.0,3.0,3.0
120.0,11.5,3.0,5.0,5.0
83.0,2.7,1.0,2.0,1.0
90.0,6.6,1.0,4.0,4.0
40.0,2.95,2.0,2.0,2.0
106.0,12.99,4.0,3.0,4.0
56.0,3.6,3.0,4.0,3.0
85.0,5.2,2.0,2.0,2.0
125.0,6.5,2.0,4.0,2.0
90.0,5.5,2.0,3.0,2.0
67.5,9.5,2.0,3.0,2.0
100.0,4.4,3.0,3.0,3.0
55.0,5.6,3.0,3.0,3.0
70.0,6.0,3.0,3.0,3.0
98.0,7.2,3.0,5.0,5.0
99.0,9.0,2.0,3.0,3.0
100.0,6.35,4.0,5.0,5.0
100.0,6.35,3.0,5.0,5.0
135.0,4.48,3.0,3.0,4.0
95.0,7.69,3.0,3.0,3.0
98.0,16.5,3.0,3.0,3.0
73.0,7.6,2.0,2.0,2.0
175.0,7.5,2.0,3.0,3.0
120.0,3.9,2.0,3.0,2.0
98.0,7.8,3.0,4.0,4.0
45.0,4.58,3.0,3.0,3.0
88.0,2.88,2.0,2.0,1.0
100.0,9.5,4.0,5.0,5.0
90.1,6.25,2.0,3.0,2.0
100.0,9.5,4.0,5.0,5.0
36.0,3.1,4.0,5.0,4.0
84.0,11.0,2.0,3.0,2.0
85.0,6.8,4.0,4.0,4.0
100.0,3.8,1.0,2.0,2.0
85.0,6.6,3.0,4.0,4.0
60.0,3.78,3.0,3.0,3.0
85.0,14.3,3.0,3.0,2.0
90.0,6.5,3.0,4.0,4.0
76.0,7.25,4.0,3.0,5.0
83.0,12.1,3.0,3.0,2.0
150.0,10.0,2.0,3.0,3.0
108.0,15.336,3.0,5.0,6.0
105.0,12.6,2.0,3.0,2.0
133.0,6.5,2.0,2.0,3.0
144.0,16.0,2.0,3.0,3.0
42.0,4.2,4.0,4.0,3.0
101.0,5.09,1.0,4.0,2.0
90.0,4.5,2.0,4.0,2.0
70.0,6.2,4.0,4.0,5.0
100.0,4.8,2.0,2.0,1.0
80.0,7.55,2.0,3.0,2.0
120.0,13.5,1.0,2.0,1.0
97.6,16.4,2.0,3.0,2.0
110.0,5.99,4.0,4.0,4.0
80.0,8.9,3.0,3.0,4.0
100.0,4.0,3.0,3.0,3.0
100.0,4.5,3.0,3.0,3.0
95.0,6.4,3.0,5.0,5.0
100.0,7.9,2.0,4.0,3.0
100.0,4.5,2.0,3.0,3.0
75.0,7.59,2.0,3.0,2.0
60.8,5.0,3.0,3.0,3.0
110.0,8.5,3.0,4.0,3.0
50.0,4.15,3.0,3.0,3.0
121.0,4.6,1.0,3.0,3.0
70.0,4.9,2.0,3.0,3.0
108.0,11.5,3.0,4.0,5.0
52.0,3.05,2.0,3.0,2.0
105.0,8.2,3.0,4.0,4.0
82.5,6.1,3.0,3.0,2.0
104.0,7.9,3.0,4.0,3.0
76.0,7.25,4.0,3.0,5.0
70.0,3.9,2.0,2.0,2.0
36.0,2.8,3.0,5.0,3.0
56.0,4.15,3.0,3.0,4.0
58.0,4.0,2.0,2.0,2.0
100.0,8.0,3.0,3.0,3.0
30.0,2.25,2.0,2.0,2.0
81.0,11.5,4.0,4.0,4.0
99.58,8.7,2.0,3.0,3.0
49.0,5.1,3.0,4.0,3.0
50.0,8.3,4.0,3.0,4.0
79.7,7.5,2.0,2.0,2.0
150.0,16.5,3.0,5.0,5.0
90.0,5.3,3.0,3.0,3.0
133.3,6.5,2.0,3.0,3.0
80.0,4.95,3.0,3.0,3.0
70.0,6.45,2.0,2.0,2.0
163.8,13.5,3.0,3.0,3.0
137.0,5.5,3.0,4.0,5.0
114.0,10.0,3.0,3.0,3.0
100.0,5.6,3.0,4.0,3.0
104.0,9.5,1.0,3.0,2.0
52.0,2.05,1.0,2.0,1.0
100.0,4.65,2.0,3.0,2.0
101.0,10.8,2.0,3.0,3.0
56.0,4.15,3.0,3.0,4.0
50.0,3.55,3.0,3.0,3.0
77.0,4.95,2.0,3.0,2.0
100.0,4.7,3.0,3.0,3.0
93.0,8.5,2.0,3.0,2.0
95.0,7.0,3.0,4.0,3.0
55.0,2.6,2.0,2.0,2.0
123.0,11.0,2.0,3.0,3.0
80.0,9.9,4.0,4.0,4.0
56.6,4.98,3.0,5.0,5.0
106.0,3.9,3.0,3.0,4.0
92.0,6.0,1.0,3.0,2.0
75.0,3.05,1.0,3.0,3.0
50.4,3.6,3.0,3.0,3.0
125.0,4.65,2.0,3.0,2.0
90.0,3.39,2.0,3.0,3.0
100.0,4.5,2.0,3.0,2.0
100.0,8.0,3.0,4.0,4.0
70.0,7.0,3.0,3.0,3.0
66.0,2.65,2.0,2.0,2.0
100.0,6.2,2.0,2.0,2.0
70.0,8.5,2.0,3.0,2.0
100.0,5.5,3.0,3.0,3.0
100.0,8.0,3.0,3.0,4.0
85.3,14.2,3.0,4.0,4.0
95.0,7.7,3.0,3.0,3.0
76.0,7.25,4.0,5.0,5.0
100.0,6.6,3.0,4.0,3.0
90.0,4.6,2.0,3.0,2.0
85.1,12.0,3.0,4.0,4.0
56.0,4.6,3.0,3.0,3.0
81.0,6.05,3.0,3.0,3.0
44.0,1.97,2.0,2.0,2.0
96.0,5.8,2.0,3.0,2.0
95.0,7.7,3.0,3.0,3.0
122.0,3.5,1.0,4.0,2.0
108.0,4.8,4.0,3.0,3.0
81.0,11.9,3.0,5.0,3.0
100.0,6.2,3.0,3.0,4.0
68.0,5.6,3.0,4.0,5.0
73.0,7.55,2.0,3.0,2.0
122.0,15.5,2.0,2.0,2.0
104.0,8.8,2.0,3.0,3.0
138.0,13.79,2.0,4.0,3.0
103.0,15.5,3.0,4.0,3.0
122.0,15.5,2.0,3.0,2.0
110.0,8.49,3.0,3.0,3.0
100.0,6.5,3.0,4.0,4.0
100.0,5.9,3.0,4.0,4.0
106.0,7.7,3.0,4.0,3.0
100.0,12.0,3.0,4.0,4.0
100.0,2.95,1.0,2.0,1.0
51.5,2.9,2.0,2.0,2.0
126.0,3.0,2.0,4.0,2.0
95.0,6.5,4.0,5.0,5.0
45.0,2.05,2.0,3.0,2.0
106.0,4.75,3.0,4.0,4.0
45.0,2.69,2.0,2.0,2.0
55.0,3.25,1.0,2.0,1.0
90.0,8.1,3.0,3.0,4.0
90.0,4.45,2.0,3.0,3.0
54.8,7.0,3.0,3.0,3.0
68.0,3.35,2.0,3.0,2.0
102.5,8.0,2.0,3.0,3.0
90.0,4.6,2.0,3.0,2.0
100.0,4.6,2.0,3.0,3.0
95.0,7.5,3.0,3.0,4.0
160.0,6.0,2.0,5.0,3.0
95.0,6.5,4.0,5.0,5.0
56.0,3.4,1.0,2.0,2.0
100.0,5.2,1.0,2.0,1.0
80.0,7.95,3.0,4.0,3.0
75.0,4.5,3.0,5.0,3.0
55.0,3.25,1.0,2.0,1.0
65.0,3.25,2.0,2.0,2.0
112.5,7.2,3.0,3.0,4.0
100.0,4.65,2.0,4.0,4.0
110.0,14.0,3.0,3.0,3.0
65.0,3.25,2.0,2.0,2.0
93.3,9.2,3.0,4.0,3.0
68.0,2.45,3.0,3.0,2.0
130.0,5.1,3.0,3.0,4.0
130.0,5.1,3.0,3.0,4.0
56.0,3.39,1.0,2.0,1.0
82.0,12.5,2.0,2.0,2.0
100.0,4.5,2.0,3.0,2.0
110.0,4.8,3.0,5.0,4.0
135.0,14.5,2.0,4.0,4.0
120.0,12.1,4.0,5.0,5.0
106.2,13.0,4.0,4.0,4.0
49.0,2.99,3.0,3.0,3.0
160.0,13.5,2.0,4.0,3.0
100.0,3.05,2.0,3.0,2.0
125.0,4.3,2.0,3.0,2.0
100.0,4.15,3.0,3.0,3.0
100.0,5.6,2.0,4.0,2.0
125.0,4.65,2.0,3.0,2.0
100.0,4.5,2.0,3.0,3.0
80.0,4.9,3.0,3.0,4.0
120.0,16.5,4.0,5.0,6.0
117.0,10.5,2.0,4.0,3.0
36.0,2.98,3.0,5.0,3.0
50.0,6.75,4.0,4.0,5.0
50.0,4.1,4.0,3.0,3.0
92.0,4.6,1.0,2.0,2.0
52.0,4.65,3.0,3.0,3.0
56.0,4.4,3.0,4.0,3.0
51.0,4.3,4.0,4.0,4.0
64.0,6.3,1.0,2.0,2.0
75.0,5.5,3.0,4.0,3.0
97.3,11.0,2.0,3.0,2.0
99.0,11.0,3.0,4.0,3.0
49.0,5.1,3.0,4.0,3.0
175.0,6.69,2.0,5.0,5.0
76.0,7.25,4.0,3.0,5.0
85.0,5.75,4.0,4.0,6.0
95.0,9.8,3.0,4.0,4.0
170.0,8.8,3.0,4.0,4.0
81.2,4.35,3.0,3.0,2.0
105.0,6.3,3.0,4.0,5.0
118.0,6.8,4.0,5.0,5.0
100.0,5.9,3.0,3.0,3.0
100.0,6.8,2.0,3.0,3.0
116.0,6.25,3.0,3.0,4.0
100.0,7.9,3.0,3.0,3.0
144.0,17.0,2.0,3.0,3.0
90.0,7.2,2.0,4.0,2.0
79.6,6.0,2.0,3.0,2.0
84.0,2.75,1.0,3.0,2.0
43.0,2.65,2.0,2.0,2.0
65.0,2.4,2.0,3.0,2.0
37.0,2.2,1.0,2.0,2.0
73.0,2.7,1.0,3.0,2.0
114.5,9.5,3.0,3.0,3.0
100.0,8.0,3.0,3.0,3.0
65.0,3.15,1.0,2.0,2.0
173.0,4.35,2.0,4.0,3.0
100.0,7.2,3.0,3.0,3.0
100.0,7.9,2.0,4.0,3.0
90.0,3.95,2.0,3.0,3.0
90.0,7.2,3.0,3.0,3.0
43.0,3.43,4.0,2.0,3.0
49.0,3.0,2.0,3.0,2.0
70.0,4.55,3.0,4.0,3.0
129.0,3.25,2.0,4.0,2.0
85.0,4.45,2.0,3.0,2.0
90.0,4.5,2.0,3.0,2.0
36.0,3.35,2.0,2.0,2.0
44.0,9.35,2.0,2.0,2.0
120.0,7.8,2.0,3.0,2.0
70.0,3.28,1.0,2.0,1.0
72.0,4.8,3.0,3.0,3.0
56.0,5.7,2.0,3.0,3.0
120.0,12.5,4.0,3.0,3.0
120.0,12.5,4.0,4.0,4.0
73.0,9.0,3.0,4.0,4.0
90.0,4.6,2.0,3.0,2.0
90.0,5.49,4.0,4.0,3.0
108.0,5.05,2.0,2.0,2.0
108.0,5.7,4.0,4.0,4.0
50.0,3.4,3.0,3.0,4.0
79.0,5.65,3.0,4.0,3.0
95.0,5.3,2.0,3.0,3.0
55.0,3.4,1.0,2.0,1.0
50.0,9.5,4.0,3.0,4.0
81.0,5.95,3.0,3.0,3.0
80.0,6.59,4.0,4.0,4.0
102.6,3.5,1.0,2.0,1.0
95.0,5.5,3.0,3.0,3.0
67.5,6.98,3.0,4.0,4.0
112.5,6.7,3.0,3.0,3.0
90.0,12.8,3.0,5.0,4.0
70.0,9.5,4.0,5.0,5.0
65.5,7.9,3.0,4.0,3.0
77.0,1.85,1.0,2.0,1.0
80.0,2.39,1.0,2.0,1.0
50.6,3.0,2.0,3.0,2.0
95.0,6.2,3.0,2.0,2.0
118.0,6.5,3.0,4.0,4.0
181.6,16.8,3.0,5.0,4.0
112.0,7.5,3.0,3.0,4.0
100.0,7.2,3.0,3.0,4.0
120.0,7.2,3.0,3.0,4.0
95.0,6.2,3.0,4.0,3.0
67.0,2.85,2.0,2.0,2.0
100.0,5.9,3.0,3.0,3.0
100.0,4.35,2.0,3.0,2.0
112.5,7.5,2.0,3.0,4.0
95.0,13.5,3.0,4.0,4.0
100.0,5.7,1.0,2.0,1.0
120.0,13.0,3.0,4.0,4.0
95.5,8.5,3.0,4.0,4.0
100.0,2.7,2.0,3.0,2.0
120.0,7.5,2.0,3.0,3.0
183.0,12.0,3.0,4.0,4.0
100.0,5.9,3.0,3.0,3.0
120.0,12.0,4.0,4.0,5.0
105.0,8.2,3.0,4.0,4.0
159.0,7.5,1.0,2.0,2.0
79.0,6.8,4.0,4.0,4.0
100.0,7.6,3.0,3.0,2.0
124.0,7.31,3.0,3.0,5.0
93.0,9.3,2.0,3.0,4.0
133.0,6.5,2.0,2.0,3.0
56.0,4.6,3.0,3.0,4.0
95.0,6.4,4.0,5.0,5.0
100.0,8.2,3.0,3.0,3.0
100.0,8.0,3.0,3.0,3.0
90.5,6.8,2.0,4.0,4.0
100.0,7.5,3.0,3.0,4.0
182.0,12.5,2.0,3.0,4.0
120.0,15.5,4.0,5.0,4.0
72.4,4.95,3.0,4.0,4.0
71.0,10.0,4.0,2.0,2.0
100.0,5.9,3.0,3.0,4.0
100.0,6.3,2.0,3.0,4.0
90.0,3.65,3.0,3.0,3.0
183.0,12.0,3.0,3.0,4.0
60.0,8.3,4.0,3.0,4.0
70.0,9.5,4.0,5.0,5.0
80.0,5.6,3.0,3.0,3.0
80.0,5.1,3.0,3.0,2.0
100.0,7.0,3.0,3.0,4.0
100.0,6.75,3.0,4.0,4.0
95.0,4.9,2.0,3.0,3.0
180.0,14.5,2.0,4.0,4.0
61.0,3.9,3.0,3.0,3.0
135.0,14.8,2.0,4.0,4.0
52.0,12.5,2.0,3.0,3.0
125.0,3.65,2.0,4.0,2.0
85.0,5.5,3.0,3.0,3.0
123.2,17.4,2.0,3.0,2.0
112.5,6.7,3.0,3.0,4.0
82.0,7.5,3.0,3.0,3.0
85.0,14.5,4.0,4.0,4.0
76.0,7.2,4.0,3.0,5.0
48.0,2.35,3.0,5.0,3.0
100.0,8.0,3.0,3.0,3.0
112.5,7.5,3.0,3.0,3.0
127.0,12.3,3.0,5.0,5.0
85.0,7.6,3.0,3.0,4.0
73.5,7.2,2.0,3.0,3.0
108.0,16.5,3.0,4.0,4.0
108.0,4.2,1.0,3.0,1.0
64.0,3.25,2.0,2.0,2.0
100.0,7.1,2.0,3.0,3.0
85.0,5.1,2.0,3.0,2.0
150.0,11.0,2.0,3.0,3.0
85.0,3.9,1.0,2.0,2.0
136.0,9.85,3.0,4.0,3.0
100.0,7.2,3.0,3.0,4.0
105.0,8.2,3.0,4.0,4.0
50.0,3.9,3.0,4.0,4.0
80.0,7.5,4.0,3.0,5.0
70.0,5.35,2.0,3.0,3.0
90.0,15.5,4.0,5.0,5.0
60.0,4.0,3.0,4.0,3.0
100.0,8.0,3.0,3.0,4.0
100.0,6.8,2.0,3.0,3.0
144.0,17.0,2.0,3.0,2.0
110.0,7.95,4.0,4.0,4.0
75.0,9.6,4.0,3.0,4.0
103.0,15.0,3.0,4.0,4.0
60.0,3.55,3.0,2.0,3.0
103.0,15.5,3.0,3.0,6.0
90.0,8.65,3.0,4.0,3.0
161.4,8.55,1.0,3.0,2.0
79.0,11.3,3.0,4.0,5.0
51.2,5.1,1.0,2.0,1.0
81.0,5.3,1.0,2.0,1.0
60.0,4.35,3.0,3.0,3.0
60.0,3.85,3.0,3.0,2.0
90.0,6.5,2.0,3.0,2.0
43.0,2.35,2.0,2.0,2.0
186.0,6.9,2.0,4.0,4.0
65.0,2.4,2.0,3.0,2.0
95.0,6.3,4.0,5.0,5.0
53.0,13.5,4.0,3.0,3.0
95.0,9.6,3.0,4.0,4.0
100.0,7.0,3.0,3.0,4.0
42.0,2.9,3.0,3.0,3.0
81.0,5.2,3.0,4.0,3.0
112.5,6.7,3.0,3.0,4.0
120.0,5.4,1.0,2.0,1.0
43.7,8.5,4.0,3.0,3.0
120.0,7.2,3.0,3.0,4.0
100.0,4.45,3.0,2.0,3.0
102.5,8.2,2.0,3.0,3.0
144.0,9.52,4.0,3.0,3.0
155.0,10.8,3.0,4.0,5.0
180.0,12.8,2.0,4.0,4.0
54.0,5.7,3.0,3.0,3.0
70.0,12.9,4.0,4.0,4.0
105.0,8.2,3.0,3.0,3.0
44.0,8.5,4.0,3.0,3.0
81.0,12.0,4.0,4.0,4.0
93.0,6.9,3.0,4.0,4.0
112.5,6.7,3.0,3.0,4.0
85.0,5.015,2.0,3.0,1.0
76.0,7.25,4.0,4.0,5.0
127.0,10.58,4.0,4.0,5.0
95.0,6.4,4.0,5.0,5.0
58.0,3.99,3.0,3.0,3.0
100.0,4.39,1.0,3.0,2.0
83.0,6.19,4.0,4.0,4.0
51.7,5.49,3.0,3.0,2.0
120.0,16.0,4.0,4.0,5.0
98.5,4.6,1.0,2.0,1.0
95.0,6.4,4.0,5.0,4.0
158.0,7.2,2.0,2.0,2.0
105.0,6.4,2.0,2.0,2.0
84.0,15.0,4.0,5.0,5.0
73.0,5.2,2.0,3.0,2.0
72.0,4.8,3.0,3.0,3.0
75.0,4.4,3.0,3.0,3.0
51.0,3.4,3.0,3.0,3.0
70.0,6.2,4.0,4.0,4.0
100.0,6.75,3.0,3.0,3.0
70.0,13.0,3.0,4.0,4.0
103.1,5.35,1.0,2.0,1.0
100.0,8.75,3.0,3.0,4.0
160.0,7.2,2.0,2.0,2.0
100.0,8.75,3.0,3.0,4.0
45.0,4.48,3.0,3.0,4.0
90.0,12.0,3.0,4.0,5.0
85.0,8.9,4.0,4.0,4.0
100.0,12.5,3.0,3.0,3.0
40.0,3.8,4.0,3.0,3.0
97.0,7.2,3.0,3.0,3.0
105.0,8.2,3.0,4.0,4.0
51.0,4.1,3.0,3.0,3.0
100.0,7.5,3.0,3.0,3.0
68.0,6.75,2.0,3.0,3.0
83.0,15.2,4.0,5.0,4.0
90.0,5.39,3.0,3.0,4.0
150.0,7.5,3.0,4.0,4.0
80.0,5.6,3.0,3.0,3.0
140.0,7.2,2.0,4.0,2.0
158.0,7.2,2.0,3.0,3.0
72.0,5.6,3.0,3.0,3.0
100.0,5.3,1.0,2.0,2.0
105.0,8.2,3.0,3.0,3.0
85.0,2.75,2.0,2.0,2.0
100.0,4.6,2.0,4.0,4.0
105.0,8.2,3.0,4.0,4.0
110.0,5.09,3.0,3.0,3.0
112.5,6.6,3.0,4.0,4.0
90.0,7.0,2.0,4.0,2.0
138.0,2.65,2.0,3.0,2.0
110.0,10.0,1.0,2.0,2.0
125.0,5.75,3.0,3.0,3.0
70.0,7.3,3.0,3.0,3.0
90.0,5.9,3.0,3.0,3.0
100.0,6.1,3.0,3.0,4.0
90.0,7.8,1.0,2.0,2.0
75.0,5.5,2.0,3.0,3.0
80.0,8.5,4.0,5.0,5.0
90.0,13.5,4.0,4.0,3.0
40.0,2.2,2.0,2.0,2.0
158.0,7.2,2.0,3.0,2.0
83.0,8.6,3.0,4.0,4.0
100.0,13.9,4.0,4.0,4.0
80.0,8.5,2.0,3.0,3.0
90.0,6.85,1.0,5.0,4.0
100.0,6.0,3.0,3.0,3.0
40.0,2.95,2.0,2.0,2.0
100.0,6.8,2.0,3.0,3.0
90.0,3.4,2.0,3.0,2.0
75.0,2.8,1.0,2.0,1.0
94.0,12.8,3.0,3.0,4.0
97.5,9.4,3.0,4.0,4.0
90.0,4.6,2.0,3.0,2.0
182.5,15.5,3.0,4.0,5.0
138.0,13.0,2.0,5.0,3.0
90.0,4.5,2.0,3.0,2.0
52.0,5.5,3.0,3.0,3.0
41.1,6.3,3.0,3.0,3.0
125.0,7.5,3.0,3.0,3.0
51.6,9.7,3.0,4.0,4.0
132.0,12.0,3.0,3.0,3.0
180.0,14.5,2.0,5.0,5.0
100.0,4.89,3.0,3.0,3.0
144.0,13.49,3.0,3.0,3.0
73.0,5.0,3.0,4.0,4.0
90.0,5.5,4.0,4.0,3.0
127.0,13.8,3.0,5.0,5.0
75.0,7.4,4.0,5.0,4.0
56.3,4.35,1.0,2.0,2.0
107.0,5.6,1.0,2.0,1.0
120.0,16.0,4.0,5.0,4.0
56.0,2.83,2.0,2.0,2.0
60.0,2.8,2.0,3.0,2.0
55.0,3.15,2.0,3.0,2.0
125.0,7.75,2.0,3.0,3.0
80.0,7.3,3.0,4.0,3.0
70.0,5.5,3.0,3.0,4.0
62.3,2.48,2.0,2.0,2.0
128.5,13.0,2.0,2.0,2.0
48.0,2.59,2.0,2.0,2.0
125.0,7.79,2.0,3.0,3.0
82.0,5.2,2.0,2.0,2.0
95.0,7.69,3.0,3.0,3.0
75.0,4.8,1.0,2.0,2.0
100.0,7.5,2.0,2.0,2.0
79.3,7.2,3.0,4.0,4.0
67.4,7.0,2.0,3.0,2.0
60.0,5.0,1.0,2.0,2.0
80.0,4.5,2.0,2.0,2.0
76.5,7.2,2.0,2.0,3.0
76.0,7.25,4.0,3.0,5.0
76.0,7.25,4.0,4.0,5.0
150.0,10.0,2.0,3.0,3.0
93.0,9.3,3.0,3.0,3.0
95.0,7.1,3.0,4.0,3.0
155.0,11.0,3.0,4.0,4.0
180.0,15.0,2.0,4.0,5.0
100.0,10.3,2.0,3.0,2.0
90.0,7.2,2.0,3.0,2.0
89.0,5.8,3.0,4.0,3.0
50.0,2.55,2.0,2.0,2.0
100.0,9.0,3.0,4.0,3.0
100.0,3.0,2.0,2.0,1.0
55.0,2.65,2.0,2.0,2.0
105.0,4.2,3.0,4.0,4.0
110.0,5.7,3.0,3.0,4.0
96.0,3.5,1.0,2.0,2.0
48.0,2.7,1.0,2.0,1.0
100.0,3.65,2.0,3.0,3.0
75.0,7.8,2.0,3.0,2.0
80.0,3.0,1.0,2.0,2.0
130.0,14.0,3.0,3.0,3.0
125.0,5.5,3.0,5.0,5.0
81.0,5.5,3.0,3.0,3.0
125.0,6.85,4.0,4.0,5.0
105.0,2.79,2.0,3.0,2.0
75.0,7.25,4.0,4.0,4.0
60.0,5.0,1.0,3.0,2.0
76.0,7.25,4.0,4.0,4.0
161.6,2.95,2.0,2.0,1.0
91.5,6.5,3.0,4.0,4.0
180.0,12.7,3.0,4.0,5.0
51.0,5.5,2.0,2.0,2.0
56.0,6.85,3.0,3.0,4.0
144.0,16.99,2.0,4.0,5.0
62.0,6.69,2.0,3.0,2.0
56.0,4.49,1.0,2.0,2.0
102.0,8.5,3.0,3.0,3.0
118.0,6.8,4.0,4.0,4.0
100.0,4.25,2.0,3.0,2.0
108.0,16.67,3.0,5.0,5.0
109.0,6.0,3.0,3.0,2.0
76.0,7.25,4.0,3.0,5.0
144.0,9.4,2.0,2.0,2.0
100.0,6.1,3.0,3.0,3.0
75.0,4.3,3.0,4.0,3.0
100.0,8.2,4.0,4.0,4.0
107.5,7.6,3.0,3.0,3.0
125.0,7.7,2.0,3.0,3.0
92.5,6.0,1.0,2.0,1.0
100.0,4.99,2.0,2.0,2.0
112.5,7.5,3.0,3.0,4.0
107.5,5.6,1.0,2.0,1.0
95.0,6.4,4.0,5.0,5.0
72.0,5.75,3.0,3.0,4.0
100.0,6.75,3.0,4.0,4.0
71.3,5.0,1.0,2.0,2.0
100.0,6.5,3.0,4.0,4.0
144.0,17.0,3.0,3.0,3.0
180.0,14.5,2.0,3.0,2.0
100.0,5.8,3.0,3.0,3.0
108.0,15.8,3.0,4.0,3.0
122.0,7.7,3.0,4.0,5.0
105.0,4.55,2.0,3.0,3.0
100.0,3.9,2.0,4.0,2.0
160.0,6.5,3.0,4.0,5.0
105.0,5.49,2.0,3.0,3.0
129.2,13.8,3.0,3.0,4.0
90.0,2.15,2.0,3.0,2.0
100.0,6.7,3.0,4.0,3.0
75.0,4.25,2.0,3.0,2.0
112.5,7.4,3.0,4.0,5.0
92.5,7.65,4.0,4.0,3.0
44.0,8.5,4.0,3.0,3.0
130.0,13.5,3.0,4.0,4.0
126.0,7.95,2.0,3.0,3.0
60.0,1.45,2.0,3.0,2.0
134.0,13.4,1.0,4.0,4.0
93.0,9.5,2.0,2.0,3.0
55.0,6.95,3.0,3.0,3.0
50.0,6.7,4.0,4.0,3.0
159.3,9.0,3.0,3.0,3.0
70.0,5.4,2.0,3.0,3.0
93.0,6.99,3.0,4.0,5.0
92.5,6.0,1.0,2.0,1.0
80.0,3.95,1.0,2.0,1.0
100.0,6.0,2.0,5.0,5.0
100.0,6.75,3.0,4.0,3.0
100.0,4.25,2.0,3.0,2.0
160.0,14.0,2.0,3.0,3.0
121.0,5.7,2.0,3.0,3.0
50.0,4.05,4.0,4.0,4.0
75.0,5.5,3.0,3.0,4.0
136.6,5.35,3.0,4.0,4.0
68.0,5.6,3.0,4.0,5.0
90.0,6.5,2.0,3.0,2.0
162.0,8.55,2.0,3.0,3.0
125.0,4.8,3.0,4.0,3.0
59.6,4.5,2.0,3.0,1.0
122.5,7.6,3.0,4.0,6.0
170.1,13.2,2.0,3.0,2.0
170.1,13.2,2.0,3.0,2.0
115.0,10.5,2.0,4.0,4.0
70.0,5.5,3.0,3.0,3.0
90.0,3.75,3.0,3.0,3.0
99.0,5.7,4.0,3.0,3.0
158.42,12.5,2.0,3.0,3.0
98.0,7.8,3.0,4.0,3.0
105.5,3.75,2.0,2.0,2.0
132.6,8.5,2.0,3.0,2.0
56.0,4.65,3.0,3.0,3.0
41.8,2.85,3.0,3.0,3.0
116.5,8.2,3.0,5.0,3.0
92.4,5.75,2.0,3.0,2.0
100.0,6.9,4.0,5.0,5.0
142.5,7.5,1.0,5.0,4.0
42.0,3.5,3.0,3.0,3.0
125.0,6.2,1.0,3.0,2.0
57.3,4.1,3.0,3.0,2.0
60.0,5.6,3.0,3.0,3.0
140.0,6.4,2.0,2.0,2.0
144.0,17.0,2.0,4.0,4.0
108.0,16.2,3.0,4.0,5.0
43.0,3.7,2.0,2.0,2.0
50.0,3.25,3.0,3.0,3.0
85.0,5.95,2.0,3.0,3.0
85.0,5.57,3.0,3.0,3.0
76.0,12.3,2.0,4.0,3.0
50.0,2.5,2.0,2.0,2.0
82.0,2.65,2.0,2.0,2.0
100.0,2.65,1.0,2.0,1.0
88.0,3.65,1.0,3.0,1.0
100.0,2.9,2.0,3.0,2.0
110.0,3.79,3.0,3.0,3.0
100.0,4.85,1.0,2.0,2.0
107.0,4.2,2.0,5.0,4.0
30.0,2.15,3.0,3.0,2.0
48.0,4.3,3.0,3.0,3.0
40.0,1.95,2.0,2.0,2.0
100.0,4.95,3.0,3.0,3.0
150.0,4.5,2.0,4.0,3.0
82.0,2.65,2.0,2.0,2.0
40.0,1.95,2.0,2.0,2.0
48.0,4.3,3.0,3.0,3.0
82.0,2.65,2.0,2.0,2.0
109.0,6.9,1.0,2.0,1.0
54.0,5.4,4.0,4.0,4.0
188.0,10.5,1.0,5.0,5.0
88.0,12.7,4.0,4.0,4.0
65.0,7.5,4.0,5.0,5.0
60.0,13.9,4.0,4.0,5.0
118.0,6.3,2.0,3.0,2.0
90.0,5.45,4.0,4.0,3.0
40.0,2.75,2.0,3.0,2.0
100.0,6.5,2.0,3.0,3.0
50.0,3.7,4.0,5.0,2.0
66.0,4.75,4.0,4.0,4.0
66.0,4.75,4.0,4.0,4.0
73.0,4.48,2.0,3.0,3.0
48.0,2.35,3.0,5.0,3.0
73.0,4.48,2.0,3.0,3.0
63.0,2.58,2.0,3.0,2.0
63.0,2.58,2.0,3.0,2.0
55.0,5.59,3.0,3.0,3.0
50.0,3.55,3.0,3.0,3.0
55.0,5.59,3.0,3.0,3.0
105.0,8.2,3.0,4.0,4.0
100.0,6.75,3.0,4.0,4.0
95.0,6.5,1.0,2.0,1.0
80.0,8.3,3.0,4.0,4.0
93.0,5.55,1.0,2.0,1.0
50.0,2.68,2.0,2.0,2.0
50.0,2.68,2.0,2.0,2.0
140.0,12.3,3.0,4.0,4.0
66.0,4.75,4.0,4.0,4.0
85.0,3.99,2.0,3.0,2.0
45.0,4.58,3.0,3.0,3.0
45.0,4.58,3.0,3.0,3.0
52.0,4.4,3.0,3.0,3.0
160.0,16.0,4.0,5.0,5.0
90.0,5.5,4.0,4.0,4.0
40.0,2.85,2.0,2.0,2.0
72.0,5.75,4.0,4.0,5.0
72.0,5.75,4.0,4.0,5.0
61.0,3.2,3.0,3.0,3.0
55.0,3.5,1.0,2.0,1.0
55.0,3.5,1.0,2.0,1.0
65.0,2.1,1.0,2.0,2.0
45.0,2.65,1.0,2.0,2.0
130.0,2.99,1.0,2.0,1.0
100.0,6.75,3.0,4.0,3.0
100.0,6.75,3.0,4.0,3.0
112.0,6.45,3.0,3.0,4.0
60.0,2.85,2.0,3.0,2.0
80.0,3.25,3.0,3.0,4.0
61.0,3.5,3.0,5.0,5.0
72.0,8.99,4.0,3.0,4.0
28.0,1.58,2.0,2.0,2.0
55.0,4.2,2.0,3.0,2.0
72.0,5.75,3.0,3.0,4.0
111.0,6.45,3.0,3.0,3.0
80.0,7.0,3.0,3.0,3.0
35.0,2.45,2.0,2.0,2.0
55.0,3.8,1.0,2.0,1.0
50.0,2.35,3.0,5.0,3.0
61.0,3.5,3.0,5.0,5.0
67.0,2.45,2.0,2.0,2.0
50.0,2.35,3.0,5.0,3.0
130.0,2.99,1.0,2.0,1.0
35.0,2.45,2.0,2.0,2.0
67.0,3.9,2.0,3.0,2.0
100.0,10.5,3.0,4.0,4.0
41.0,3.45,3.0,3.0,2.0
51.0,4.15,3.0,3.0,3.0
100.0,4.25,2.0,3.0,3.0
62.0,5.1,3.0,3.0,3.0
70.0,5.65,3.0,4.0,3.0
72.0,9.99,4.0,3.0,4.0
50.0,3.3,2.0,3.0,2.0
70.0,5.95,2.0,3.0,2.0
90.0,6.8,3.0,5.0,5.0
70.0,5.95,2.0,3.0,2.0
40.0,2.2,2.0,2.0,2.0
105.0,8.2,3.0,4.0,4.0
100.0,10.0,3.0,4.0,4.0
70.0,4.9,3.0,4.0,3.0
82.0,8.4,3.0,3.0,3.0
87.0,5.7,2.0,3.0,2.0
68.0,3.34,2.0,2.0,2.0
51.0,3.6,3.0,3.0,3.0
94.0,7.9,3.0,5.0,4.0
85.0,11.4,3.0,4.0,4.0
68.0,3.85,2.0,2.0,2.0
71.0,2.8,2.0,2.0,2.0
82.0,5.4,2.0,2.0,2.0
95.0,6.35,2.0,2.0,2.0
65.0,3.25,2.0,2.0,2.0
26.0,1.75,2.0,2.0,2.0
71.0,2.8,2.0,2.0,2.0
96.0,5.3,3.0,5.0,5.0
78.0,4.65,3.0,3.0,3.0
77.0,3.8,2.0,3.0,2.0
75.0,4.55,2.0,3.0,2.0
95.0,8.0,3.0,3.0,3.0
77.0,3.55,2.0,2.0,2.0
48.0,4.6,3.0,2.0,2.0
38.0,2.75,2.0,3.0,2.0
50.0,3.55,3.0,3.0,3.0
56.0,4.67,3.0,2.0,2.0
26.0,1.75,2.0,2.0,2.0
46.0,1.92,3.0,2.0,2.0
84.0,3.49,3.0,3.0,2.0
45.0,2.65,2.0,2.0,2.0
30.0,1.98,2.0,2.0,2.0
77.0,3.8,2.0,3.0,2.0
130.0,2.99,1.0,2.0,1.0
65.0,3.45,2.0,2.0,2.0
106.0,3.85,2.0,3.0,2.0
82.0,5.4,2.0,2.0,2.0
50.0,3.55,3.0,3.0,3.0
50.0,2.3,2.0,2.0,2.0
50.0,2.3,2.0,2.0,2.0
60.0,2.85,2.0,3.0,2.0
130.0,6.3,3.0,3.0,3.0
105.0,3.5,2.0,3.0,2.0
105.0,3.5,2.0,3.0,2.0
54.0,2.95,2.0,4.0,2.0
85.0,2.39,2.0,2.0,1.0
100.0,6.75,3.0,4.0,3.0
86.0,6.3,3.0,3.0,4.0
26.0,1.75,2.0,2.0,2.0
112.0,2.75,1.0,3.0,2.0
19.0,1.29,2.0,2.0,2.0
68.0,3.2,1.0,2.0,1.0
50.0,3.7,4.0,5.0,2.0
110.0,4.5,1.0,3.0,3.0
64.0,3.25,2.0,3.0,2.0
72.0,5.75,4.0,4.0,5.0
65.0,3.85,3.0,3.0,3.0
58.0,2.85,2.0,2.0,1.0
58.0,2.85,1.0,2.0,1.0
50.0,3.95,3.0,3.0,2.0
50.0,3.95,3.0,3.0,2.0
58.0,2.85,1.0,2.0,1.0
56.0,4.15,3.0,3.0,3.0
45.0,3.5,4.0,3.0,4.0
50.0,3.85,3.0,3.0,2.0
72.0,3.3,2.0,3.0,2.0
72.0,3.3,2.0,3.0,2.0
150.0,7.1,3.0,3.0,3.0
81.0,5.3,3.0,3.0,3.0
90.0,3.9,2.0,3.0,2.0
112.0,3.95,2.0,3.0,3.0
118.0,14.0,4.0,5.0,5.0
112.0,3.95,2.0,3.0,3.0
90.0,6.8,3.0,5.0,5.0
70.0,4.8,3.0,4.0,4.0
65.0,2.65,2.0,2.0,2.0
108.0,14.7,3.0,3.0,3.0
46.0,1.95,3.0,2.0,2.0
60.0,8.5,2.0,3.0,3.0
81.0,5.35,3.0,4.0,4.0
26.0,1.75,2.0,2.0,2.0
105.0,4.3,2.0,3.0,2.0
100.0,10.5,2.0,3.0,3.0
26.0,1.75,2.0,2.0,2.0
64.0,3.29,2.0,3.0,3.0
54.0,2.95,2.0,2.0,2.0
125.0,6.2,1.0,2.0,1.0
87.0,2.89,2.0,3.0,2.0
87.0,2.89,2.0,3.0,2.0
52.0,3.2,2.0,2.0,2.0
90.0,6.1,3.0,3.0,3.0
99.0,5.25,2.0,2.0,2.0
52.0,3.2,2.0,2.0,2.0
82.0,5.45,2.0,2.0,2.0
70.0,5.65,3.0,4.0,3.0
38.0,1.85,2.0,2.0,2.0
93.0,9.5,2.0,3.0,3.0
124.0,14.0,3.0,4.0,4.0
68.0,5.65,3.0,3.0,3.0
80.0,5.1,3.0,3.0,3.0
45.0,4.58,3.0,3.0,3.0
68.0,2.45,2.0,2.0,2.0
38.0,1.95,2.0,2.0,2.0
38.0,1.95,2.0,2.0,2.0
29.0,1.59,2.0,2.0,2.0
85.0,3.8,3.0,4.0,3.0
56.0,7.8,4.0,3.0,3.0
70.0,2.95,2.0,2.0,2.0
75.0,4.7,3.0,5.0,5.0
80.0,5.6,3.0,3.0,3.0
80.0,5.6,3.0,3.0,3.0
150.0,9.3,1.0,2.0,1.0
60.0,8.1,2.0,3.0,2.0
70.0,2.97,2.0,3.0,2.0
70.0,2.97,2.0,3.0,2.0
65.0,2.65,2.0,2.0,2.0
85.0,6.35,3.0,3.0,4.0
50.0,1.95,2.0,2.0,2.0
56.0,4.67,3.0,2.0,2.0
50.0,3.85,3.0,3.0,2.0
30.0,2.65,3.0,3.0,2.0
55.0,5.59,3.0,3.0,3.0
63.0,2.58,2.0,3.0,2.0
70.0,2.98,2.0,2.0,2.0
73.0,4.48,2.0,3.0,3.0
77.0,4.75,2.0,3.0,2.0
81.0,3.6,2.0,2.0,2.0
70.0,4.8,3.0,4.0,4.0
85.0,6.35,3.0,3.0,4.0
74.0,5.4,2.0,3.0,3.0
36.0,2.15,2.0,3.0,2.0
81.0,3.6,2.0,2.0,2.0
72.0,3.35,2.0,3.0,2.0
48.0,3.5,2.0,2.0,2.0
61.0,2.55,3.0,3.0,2.0
150.0,10.2,2.0,4.0,4.0
150.0,10.2,2.0,4.0,4.0
108.0,8.1,4.0,5.0,5.0
65.0,3.25,2.0,3.0,2.0
100.0,3.35,3.0,3.0,2.0
82.0,4.2,2.0,2.0,2.0
56.0,4.67,3.0,2.0,2.0
100.0,4.4,3.0,3.0,3.0
100.0,2.95,1.0,2.0,2.0
92.0,2.9,2.0,2.0,1.0
50.0,2.68,1.0,2.0,1.0
68.0,3.85,2.0,2.0,2.0
143.0,7.9,2.0,5.0,4.0
83.0,3.8,3.0,3.0,3.0
140.0,2.75,1.0,5.0,5.0
92.0,4.65,1.0,2.0,2.0
68.0,2.45,2.0,2.0,2.0
65.0,3.25,2.0,3.0,2.0
140.0,6.95,2.0,4.0,3.0
60.0,4.9,3.0,5.0,5.0
50.0,4.5,2.0,2.0,2.0
116.0,12.9,1.0,2.0,1.0
156.0,10.5,3.0,5.0,5.0
66.0,4.0,2.0,3.0,3.0
92.0,7.45,3.0,3.0,3.0
127.0,5.55,2.0,3.0,2.0
115.0,12.0,1.0,4.0,4.0
110.0,6.3,2.0,4.0,2.0
77.0,3.85,2.0,3.0,2.0
68.0,5.5,2.0,2.0,3.0
72.0,9.99,4.0,3.0,4.0
54.0,7.0,3.0,3.0,3.0
75.0,3.68,2.0,3.0,3.0
56.0,4.15,3.0,4.0,4.0
92.0,4.65,1.0,2.0,2.0
60.0,4.9,3.0,5.0,5.0
50.0,2.1,2.0,2.0,2.0
46.0,1.95,3.0,2.0,2.0
50.0,2.55,2.0,3.0,2.0
82.0,4.2,2.0,2.0,2.0
90.0,3.25,1.0,2.0,2.0
90.0,3.25,1.0,2.0,2.0
87.0,5.7,2.0,3.0,2.0
60.0,5.0,3.0,3.0,3.0
54.0,3.75,3.0,3.0,3.0
60.0,2.85,1.0,2.0,2.0
46.0,1.95,3.0,2.0,2.0
60.0,2.85,1.0,2.0,2.0
46.0,1.95,3.0,2.0,2.0
107.0,13.2,3.0,3.0,3.0
87.0,5.7,2.0,3.0,2.0
87.0,5.7,2.0,3.0,2.0
57.0,4.67,3.0,3.0,3.0
93.0,5.5,2.0,3.0,2.0
42.0,1.99,2.0,3.0,2.0
41.0,1.85,2.0,2.0,2.0
99.0,9.5,2.0,3.0,4.0
57.0,4.67,3.0,3.0,3.0
104.0,7.3,3.0,3.0,4.0
65.0,2.65,1.0,2.0,2.0
85.0,5.95,2.0,3.0,2.0
3.0,2.15,2.0,2.0,1.0
56.0,6.95,3.0,3.0,3.0
70.0,3.75,2.0,3.0,2.0
180.0,12.8,3.0,4.0,4.0
100.0,5.9,3.0,4.0,4.0
54.0,2.95,2.0,4.0,2.0
117.0,7.8,3.0,5.0,3.0
57.0,4.67,3.0,3.0,3.0
68.0,2.45,2.0,2.0,2.0
150.0,15.5,3.0,4.0,4.0
3.0,2.15,2.0,2.0,1.0
65.0,2.65,1.0,2.0,2.0
47.0,5.1,3.0,3.0,3.0
59.0,3.1,2.0,3.0,2.0
56.0,2.58,2.0,2.0,2.0
81.0,6.1,4.0,4.0,3.0
75.0,2.65,1.0,3.0,1.0
66.0,2.6,2.0,3.0,2.0
63.0,4.5,2.0,4.0,3.0
117.0,7.8,3.0,5.0,3.0
73.0,3.75,2.0,2.0,2.0
57.0,3.65,3.0,4.0,3.0
56.0,2.58,2.0,2.0,2.0
67.0,12.0,3.0,3.0,4.0
66.0,2.6,2.0,3.0,2.0
64.0,5.9,2.0,3.0,3.0
130.0,13.0,2.0,3.0,3.0
130.0,16.9,2.0,3.0,3.0
54.0,2.95,2.0,4.0,2.0
85.0,5.5,3.0,4.0,3.0
63.0,4.7,2.0,4.0,3.0
50.0,3.35,3.0,3.0,3.0
107.0,13.2,3.0,3.0,3.0
63.0,4.7,2.0,4.0,3.0
190.0,12.0,3.0,5.0,5.0
160.0,3.3,1.0,2.0,2.0
62.0,4.7,2.0,3.0,3.0
83.0,13.99,4.0,4.0,4.0
83.0,13.99,4.0,4.0,4.0
40.0,3.05,3.0,3.0,4.0
58.0,2.65,2.0,3.0,2.0
33.0,1.88,3.0,2.0,2.0
150.0,10.0,2.0,5.0,5.0
65.0,5.0,2.0,3.0,3.0
60.0,3.67,3.0,4.0,3.0
100.0,2.85,1.0,3.0,2.0
82.0,4.35,1.0,4.0,4.0
33.0,2.45,3.0,3.0,2.0
33.0,1.88,3.0,2.0,2.0
150.0,10.0,2.0,5.0,5.0
33.0,1.88,3.0,2.0,2.0
33.0,2.45,3.0,3.0,2.0
155.0,12.9,3.0,5.0,4.0
64.0,3.0,3.0,3.0,3.0
64.0,3.0,3.0,3.0,3.0
110.0,6.9,2.0,3.0,2.0
37.0,2.15,2.0,2.0,2.0
180.0,14.5,2.0,3.0,2.0
94.0,3.9,1.0,2.0,2.0
41.0,1.75,2.0,2.0,2.0
50.0,4.5,2.0,2.0,2.0
100.0,4.39,3.0,3.0,3.0
57.0,3.4,2.0,3.0,3.0
44.0,4.65,3.0,3.0,3.0
80.0,13.7,3.0,4.0,3.0
57.0,5.65,3.0,3.0,3.0
73.0,12.99,3.0,3.0,3.0
72.0,9.99,4.0,3.0,4.0
168.0,10.5,2.0,2.0,2.0
54.0,2.92,2.0,4.0,2.0
50.0,4.5,2.0,2.0,2.0
100.0,6.8,3.0,4.0,3.0
55.0,3.6,2.0,4.0,2.0
90.0,6.1,3.0,3.0,4.0
50.0,4.5,2.0,2.0,2.0
82.0,5.6,3.0,3.0,3.0
85.0,3.75,2.0,2.0,2.0
122.0,5.8,2.0,3.0,3.0
60.0,3.25,3.0,3.0,3.0
93.0,6.95,3.0,4.0,4.0
44.0,2.28,2.0,3.0,1.0
67.0,2.45,2.0,2.0,2.0
75.0,4.4,1.0,4.0,2.0
93.0,7.35,3.0,3.0,3.0
107.0,13.2,3.0,3.0,3.0
82.0,5.2,2.0,2.0,2.0
141.0,14.0,1.0,3.0,2.0
80.0,5.9,2.0,3.0,3.0
132.0,9.0,3.0,5.0,5.0
180.0,14.5,1.0,3.0,2.0
120.0,8.0,4.0,4.0,4.0
37.0,1.85,1.0,2.0,1.0
100.0,9.5,2.0,3.0,4.0
40.0,1.99,2.0,2.0,2.0
100.0,3.45,1.0,4.0,3.0
60.0,3.25,3.0,3.0,3.0
56.0,6.95,3.0,3.0,3.0
72.0,3.35,2.0,3.0,2.0
60.0,3.99,3.0,4.0,3.0
44.0,4.65,3.0,3.0,3.0
100.0,6.5,3.0,3.0,3.0
156.0,10.3,4.0,5.0,5.0
80.0,5.8,3.0,3.0,3.0
87.0,12.9,3.0,3.0,4.0
40.0,1.99,2.0,2.0,2.0
56.0,4.75,3.0,3.0,3.0
149.0,9.5,2.0,5.0,5.0
100.0,14.15,4.0,4.0,4.0
80.0,10.5,3.0,3.0,3.0
90.0,3.79,2.0,3.0,3.0
82.0,4.2,2.0,2.0,2.0
60.0,2.25,1.0,2.0,1.0
100.0,14.15,4.0,4.0,4.0
80.0,10.5,3.0,3.0,3.0
72.0,9.99,4.0,3.0,4.0
55.0,3.2,3.0,2.0,2.0
120.0,4.4,2.0,3.0,3.0
68.0,2.45,2.0,2.0,2.0
28.0,1.56,2.0,2.0,2.0
40.0,2.45,2.0,2.0,2.0
76.0,3.3,3.0,3.0,4.0
82.0,4.2,2.0,2.0,2.0
51.0,1.78,2.0,3.0,2.0
83.0,3.55,2.0,3.0,2.0
87.0,5.45,2.0,2.0,2.0
90.0,3.8,2.0,3.0,3.0
99.0,5.29,2.0,2.0,2.0
80.0,10.5,3.0,3.0,3.0
150.0,9.5,2.0,5.0,5.0
74.0,5.2,2.0,3.0,2.0
87.0,5.45,2.0,2.0,2.0
85.0,6.35,3.0,3.0,4.0
40.0,2.7,2.0,2.0,2.0
100.0,14.15,4.0,4.0,4.0
72.0,3.35,2.0,2.0,2.0
88.0,6.3,3.0,3.0,4.0
56.0,5.6,2.0,3.0,2.0
53.0,5.5,4.0,3.0,4.0
53.0,5.5,4.0,3.0,4.0
72.0,9.99,4.0,3.0,4.0
30.0,2.6,3.0,3.0,3.0
88.0,6.3,3.0,3.0,4.0
45.0,2.75,2.0,3.0,2.0
41.0,1.79,2.0,2.0,2.0
98.0,9.5,2.0,3.0,4.0
100.0,14.2,4.0,4.0,4.0
85.0,6.2,3.0,4.0,4.0
90.0,3.8,2.0,3.0,3.0
120.0,9.99,3.0,3.0,4.0
150.0,9.5,2.0,5.0,5.0
48.0,2.6,2.0,2.0,3.0
60.0,4.1,3.0,4.0,3.0
99.0,5.29,2.0,2.0,2.0
70.0,7.4,3.0,4.0,3.0
35.0,2.55,2.0,3.0,2.0
54.0,2.92,2.0,4.0,2.0
35.0,2.55,2.0,3.0,2.0
51.0,4.3,3.0,3.0,3.0
72.0,3.39,2.0,4.0,2.0
82.0,2.1,1.0,2.0,1.0
90.0,3.85,2.0,3.0,3.0
54.0,2.92,2.0,4.0,2.0
45.0,2.75,2.0,2.0,2.0
90.0,3.85,2.0,3.0,3.0
98.0,9.5,2.0,3.0,4.0
31.0,1.68,2.0,2.0,1.0
53.0,2.95,2.0,4.0,2.0
60.0,3.55,2.0,3.0,2.0
150.0,4.58,2.0,3.0,2.0
151.0,16.0,3.0,4.0,4.0
180.0,14.5,2.0,4.0,4.0
73.0,5.19,2.0,3.0,3.0
100.0,9.5,2.0,3.0,4.0
70.0,4.8,3.0,4.0,4.0
100.0,9.5,2.0,3.0,4.0
70.0,2.8,2.0,2.0,2.0
70.0,4.8,3.0,4.0,4.0
70.0,7.5,3.0,4.0,3.0
64.0,2.75,2.0,3.0,2.0
72.0,3.7,2.0,3.0,2.0
110.0,12.8,3.0,4.0,4.0
65.0,2.55,2.0,2.0,1.0
86.0,6.3,3.0,3.0,4.0
70.0,4.8,3.0,4.0,4.0
54.0,2.92,2.0,4.0,2.0
85.0,4.3,2.0,3.0,2.0
50.0,2.55,2.0,3.0,2.0
48.0,2.48,2.0,3.0,2.0
90.0,2.7,1.0,3.0,1.0
61.0,3.65,3.0,3.0,3.0
100.0,2.8,1.0,2.0,2.0
85.0,4.3,2.0,3.0,2.0
128.0,8.4,3.0,3.0,3.0
140.0,6.5,2.0,4.0,3.0
82.0,3.2,1.0,2.0,2.0
140.0,6.5,2.0,4.0,3.0
140.0,6.5,2.0,4.0,3.0
50.0,4.3,4.0,4.0,4.0
105.0,7.0,3.0,3.0,4.0
75.0,4.45,2.0,2.0,2.0
75.0,4.45,2.0,2.0,2.0
51.0,1.78,1.0,2.0,2.0
90.0,7.8,3.0,4.0,3.0
51.0,1.78,1.0,2.0,2.0
56.0,5.3,2.0,2.0,2.0
100.0,2.7,1.0,2.0,1.0
105.0,7.1,3.0,3.0,4.0
70.0,4.65,3.0,3.0,4.0
90.0,2.95,2.0,3.0,2.0
88.0,6.3,3.0,3.0,4.0
90.0,2.95,2.0,3.0,2.0
42.0,2.69,3.0,3.0,2.0
100.0,2.7,1.0,2.0,1.0
42.0,2.69,3.0,3.0,2.0
106.0,3.49,3.0,3.0,4.0
99.0,5.29,2.0,2.0,2.0
71.0,11.99,4.0,4.0,4.0
91.0,7.15,2.0,3.0,2.0
82.0,4.3,2.0,2.0,2.0
70.0,3.5,2.0,4.0,1.0
133.0,2.55,2.0,5.0,5.0
87.0,5.45,2.0,2.0,2.0
83.0,3.55,2.0,3.0,2.0
70.0,4.5,3.0,3.0,3.0
78.0,4.65,3.0,4.0,4.0
100.0,7.6,3.0,4.0,4.0
106.0,3.49,3.0,3.0,4.0
70.0,3.5,2.0,4.0,1.0
48.0,6.5,2.0,2.0,2.0
56.0,7.99,3.0,3.0,2.0
99.0,5.35,2.0,2.0,2.0
70.0,3.7,2.0,2.0,2.0
78.0,4.65,3.0,3.0,4.0
107.0,14.0,3.0,5.0,5.0
107.0,6.15,2.0,3.0,3.0
78.0,4.65,3.0,3.0,4.0
77.0,5.0,3.0,3.0,4.0
78.0,4.65,3.0,3.0,5.0
102.0,6.9,3.0,3.0,4.0
75.0,3.9,2.0,2.0,2.0
70.0,3.5,2.0,4.0,1.0
68.0,5.7,3.0,3.0,3.0
106.0,3.49,3.0,3.0,4.0
28.0,1.58,2.0,2.0,2.0
82.0,3.1,2.0,3.0,2.0
82.0,4.3,2.0,2.0,2.0
72.0,3.99,2.0,3.0,2.0
186.0,11.7,1.0,2.0,2.0
106.0,3.49,3.0,3.0,4.0
66.0,5.5,3.0,3.0,4.0
60.0,2.78,2.0,3.0,2.0
100.0,6.5,3.0,3.0,2.0
91.0,7.15,2.0,3.0,2.0
45.0,3.55,2.0,3.0,3.0
90.0,6.1,3.0,3.0,4.0
135.0,8.0,3.0,5.0,4.0
106.0,3.49,3.0,3.0,4.0
66.0,5.5,3.0,3.0,4.0
64.0,3.0,3.0,3.0,3.0
80.0,2.9,2.0,3.0,3.0
46.0,3.45,3.0,3.0,3.0
61.0,3.65,3.0,3.0,3.0
45.0,3.35,2.0,3.0,3.0
46.0,3.45,3.0,3.0,3.0
90.0,10.7,3.0,3.0,4.0
98.0,5.25,2.0,3.0,3.0
82.0,4.8,3.0,3.0,3.0
102.0,6.9,3.0,3.0,4.0
100.0,6.2,3.0,3.0,3.0
52.0,2.85,2.0,3.0,2.0
82.0,4.8,3.0,3.0,3.0
75.0,4.45,2.0,2.0,2.0
53.0,3.35,3.0,3.0,3.0
66.0,5.5,3.0,3.0,4.0
70.0,3.45,3.0,3.0,4.0
63.0,2.48,2.0,2.0,2.0
53.0,3.35,3.0,3.0,3.0
82.0,4.8,3.0,3.0,3.0
60.0,10.8,4.0,4.0,4.0
83.0,3.8,3.0,3.0,3.0
100.0,5.8,3.0,3.0,3.0
35.0,1.8,2.0,2.0,1.0
98.0,3.3,2.0,3.0,2.0
52.0,5.5,3.0,3.0,3.0
46.0,3.45,3.0,3.0,3.0
71.0,11.99,4.0,4.0,4.0
82.0,9.9,3.0,4.0,3.0
75.0,7.3,4.0,4.0,4.0
60.0,4.8,2.0,3.0,3.0
50.0,3.8,2.0,2.0,2.0
82.0,9.9,3.0,4.0,3.0
98.0,3.3,2.0,3.0,2.0
100.0,5.3,3.0,3.0,3.0
41.0,2.59,2.0,2.0,2.0
135.0,13.99,2.0,5.0,5.0
78.0,8.3,3.0,4.0,3.0
40.0,2.85,3.0,3.0,5.0
50.0,2.75,2.0,2.0,2.0
98.0,3.3,2.0,3.0,2.0
52.0,5.5,3.0,3.0,3.0
100.0,4.59,3.0,4.0,4.0
75.0,2.95,1.0,2.0,1.0
99.0,6.4,3.0,3.0,3.0
65.0,2.85,1.0,2.0,1.0
100.0,4.45,3.0,3.0,3.0
70.0,3.15,2.0,2.0,1.0
45.0,2.09,2.0,2.0,2.0
55.0,6.99,3.0,3.0,3.0
100.0,5.3,3.0,3.0,2.0
84.0,5.6,2.0,3.0,2.0
160.0,3.1,1.0,2.0,2.0
83.0,3.8,3.0,3.0,3.0
65.0,2.55,2.0,2.0,1.0
46.0,3.75,3.0,4.0,4.0
110.0,12.8,3.0,4.0,4.0
100.0,5.3,3.0,3.0,2.0
61.0,3.95,3.0,4.0,3.0
160.0,3.1,1.0,2.0,2.0
78.0,4.29,3.0,4.0,3.0
58.0,4.35,3.0,4.0,3.0
58.0,4.35,3.0,4.0,3.0
100.0,5.25,1.0,2.0,1.0
78.0,4.3,3.0,4.0,3.0
84.0,5.6,2.0,3.0,2.0
36.0,2.6,4.0,3.0,2.0
78.0,4.3,3.0,4.0,3.0
84.0,5.6,2.0,3.0,2.0
157.0,2.65,1.0,3.0,1.0
100.0,5.25,1.0,2.0,1.0
78.0,4.3,3.0,4.0,3.0
124.0,5.3,3.0,5.0,3.0
90.0,6.49,3.0,4.0,4.0
100.0,5.25,1.0,2.0,1.0
100.0,5.25,1.0,2.0,1.0
36.0,2.59,4.0,3.0,2.0
100.0,5.25,1.0,2.0,1.0
55.0,3.85,2.0,2.0,2.0
84.0,5.6,2.0,3.0,2.0
98.0,5.25,2.0,3.0,3.0
60.0,4.55,2.0,3.0,3.0
100.0,4.7,2.0,3.0,2.0
75.0,2.75,3.0,5.0,3.0
50.0,4.6,2.0,2.0,2.0
62.0,4.68,2.0,3.0,2.0
100.0,2.8,1.0,2.0,2.0
60.0,2.78,2.0,3.0,2.0
75.0,4.5,3.0,3.0,4.0
71.0,1.8,1.0,2.0,1.0
80.0,5.2,3.0,3.0,3.0
68.0,5.8,3.0,2.0,2.0
50.0,2.99,3.0,3.0,3.0
41.0,2.55,2.0,2.0,2.0
42.0,2.55,2.0,2.0,2.0
85.0,3.65,3.0,3.0,3.0
74.0,3.45,3.0,3.0,3.0
50.0,3.15,2.0,3.0,2.0
70.0,3.75,2.0,3.0,3.0
72.0,3.28,2.0,3.0,4.0
84.0,5.8,3.0,2.0,3.0
98.0,6.5,3.0,5.0,5.0
90.0,6.7,3.0,5.0,5.0
41.0,5.78,3.0,3.0,3.0
75.0,3.6,3.0,3.0,3.0
99.0,6.5,3.0,3.0,3.0
125.0,3.35,1.0,3.0,2.0
100.0,2.8,1.0,2.0,2.0
61.0,3.4,3.0,4.0,4.0
106.0,14.8,3.0,3.0,3.0
122.0,4.79,1.0,3.0,3.0
100.0,7.0,3.0,4.0,4.0
47.0,5.15,2.0,2.0,2.0
72.0,3.48,3.0,3.0,3.0
60.0,2.78,2.0,3.0,2.0
60.0,3.65,3.0,4.0,3.0
55.0,2.75,3.0,3.0,2.0
61.0,2.75,2.0,3.0,3.0
70.0,2.55,2.0,3.0,2.0
60.0,2.35,2.0,3.0,2.0
120.0,2.69,2.0,3.0,2.0
90.0,1.85,1.0,2.0,1.0
87.0,5.85,3.0,4.0,4.0
85.0,6.45,3.0,3.0,4.0
81.0,5.6,3.0,3.0,4.0
74.0,3.45,3.0,3.0,3.0
90.0,2.7,2.0,3.0,2.0
143.0,9.99,3.0,5.0,5.0
78.0,3.79,2.0,3.0,3.0
81.0,5.65,3.0,4.0,4.0
90.0,6.23,3.0,3.0,3.0
100.0,5.99,3.0,4.0,3.0
76.0,12.5,3.0,5.0,3.0
100.0,5.3,2.0,3.0,2.0
90.0,5.3,1.0,2.0,1.0
81.0,4.1,2.0,3.0,3.0
75.0,3.75,2.0,3.0,2.0
64.0,5.89,2.0,2.0,2.0
76.0,5.35,4.0,5.0,5.0
60.0,2.78,2.0,3.0,2.0
72.0,4.2,1.0,2.0,1.0
67.0,2.68,2.0,2.0,2.0
90.0,6.23,3.0,3.0,3.0
76.0,5.35,4.0,5.0,5.0
112.0,6.79,2.0,3.0,2.0
99.0,6.5,3.0,3.0,3.0
55.0,6.99,3.0,3.0,3.0
100.0,10.5,4.0,5.0,5.0
73.0,2.7,2.0,3.0,2.0
100.0,5.8,3.0,4.0,4.0
100.0,5.3,2.0,4.0,3.0
82.0,3.7,1.0,2.0,1.0
120.0,4.15,3.0,3.0,3.0
126.0,5.5,2.0,3.0,2.0
120.0,3.49,3.0,3.0,4.0
61.0,3.35,2.0,3.0,3.0
55.0,6.99,3.0,3.0,3.0
99.0,6.5,3.0,3.0,3.0
104.0,7.25,3.0,4.0,4.0
90.0,7.35,3.0,4.0,4.0
90.0,7.1,2.0,3.0,2.0
101.0,2.75,1.0,2.0,2.0
75.0,2.99,1.0,2.0,1.0
100.0,9.99,3.0,5.0,5.0
56.0,7.2,3.0,4.0,5.0
71.0,4.15,2.0,4.0,3.0
67.0,2.6,2.0,3.0,3.0
85.0,5.75,4.0,4.0,4.0
60.0,3.8,3.0,4.0,4.0
20.0,1.85,3.0,2.0,2.0
41.0,2.9,3.0,3.0,2.0
99.0,3.9,2.0,3.0,2.0
130.0,3.65,3.0,4.0,3.0
35.0,2.89,2.0,2.0,2.0
120.0,3.49,3.0,3.0,4.0
84.0,2.69,2.0,3.0,2.0
61.0,3.35,2.0,3.0,3.0
28.0,1.58,2.0,2.0,2.0
100.0,9.99,3.0,5.0,5.0
156.0,8.6,3.0,5.0,4.0
60.0,3.35,2.0,3.0,3.0
86.0,6.5,2.0,3.0,2.0
75.0,2.99,1.0,2.0,1.0
92.0,5.0,1.0,2.0,1.0
55.0,3.45,1.0,2.0,1.0
82.0,5.0,1.0,2.0,1.0
28.0,2.15,2.0,2.0,2.0
66.0,4.05,3.0,3.0,4.0
48.0,2.79,3.0,3.0,3.0
100.0,7.8,3.0,3.0,4.0
51.0,3.3,2.0,2.0,2.0
43.0,4.29,3.0,3.0,3.0
48.0,2.79,3.0,3.0,3.0
79.0,4.29,2.0,3.0,2.0
41.0,5.8,3.0,3.0,3.0
54.0,2.95,2.0,4.0,2.0
90.0,6.6,2.0,2.0,2.0
131.0,3.8,3.0,4.0,4.0
60.0,3.8,3.0,4.0,4.0
85.0,5.75,4.0,4.0,4.0
67.0,2.6,2.0,3.0,3.0
50.0,3.95,3.0,3.0,3.0
43.0,2.28,2.0,2.0,2.0
99.0,4.19,2.0,3.0,2.0
48.0,2.95,2.0,2.0,1.0
30.0,2.16,2.0,2.0,2.0
100.0,5.0,2.0,2.0,2.0
86.0,6.0,3.0,3.0,4.0
100.0,5.3,2.0,4.0,3.0
100.0,5.2,4.0,4.0,3.0
90.0,6.9,2.0,2.0,2.0
58.0,2.6,2.0,2.0,2.0
41.0,2.9,3.0,3.0,2.0
106.0,3.85,2.0,3.0,2.0
100.0,5.8,3.0,4.0,4.0
69.0,2.42,2.0,2.0,2.0
99.0,4.15,2.0,3.0,2.0
43.0,2.29,2.0,2.0,2.0
41.0,2.9,3.0,3.0,2.0
100.0,4.5,2.0,4.0,4.0
100.0,5.4,3.0,4.0,4.0
102.0,8.4,1.0,2.0,2.0
99.0,4.15,2.0,3.0,2.0
125.0,4.8,3.0,4.0,2.0
60.0,4.19,1.0,2.0,1.0
80.0,5.5,2.0,3.0,2.0
77.0,5.1,2.0,3.0,2.0
100.0,4.65,2.0,3.0,2.0
87.0,5.4,4.0,5.0,5.0
80.0,3.65,2.0,3.0,3.0
94.0,6.5,4.0,4.0,4.0
93.0,6.5,4.0,4.0,5.0
99.0,5.7,4.0,3.0,4.0
70.0,5.56,3.0,3.0,3.0
63.0,4.75,1.0,2.0,1.0
119.0,4.1,2.0,5.0,3.0
119.0,4.1,2.0,5.0,3.0
112.0,6.8,3.0,3.0,3.0
92.0,7.45,3.0,3.0,3.0
87.0,5.85,3.0,4.0,4.0
70.0,6.4,2.0,3.0,2.0
90.0,2.8,2.0,3.0,2.0
90.0,3.4,2.0,3.0,3.0
70.0,6.4,2.0,3.0,2.0
92.0,7.45,3.0,3.0,3.0
54.0,7.5,3.0,3.0,3.0
69.0,2.42,2.0,2.0,2.0
190.0,5.6,1.0,3.0,2.0
33.0,1.82,2.0,2.0,2.0
75.0,3.75,2.0,3.0,2.0
81.0,4.1,2.0,3.0,3.0
130.0,5.55,2.0,3.0,2.0
130.0,5.55,2.0,3.0,2.0
70.0,6.4,2.0,3.0,2.0
80.0,5.5,2.0,3.0,3.0
70.0,5.5,3.0,4.0,3.0
70.0,5.5,2.0,3.0,2.0
35.0,2.1,2.0,2.0,2.0
45.0,2.3,2.0,3.0,2.0
55.0,2.95,2.0,4.0,2.0
100.0,4.87,3.0,4.0,4.0
94.0,6.5,4.0,4.0,5.0
81.0,5.65,3.0,4.0,4.0
60.0,2.35,2.0,3.0,2.0
80.0,4.5,2.0,2.0,2.0
81.0,6.5,3.0,3.0,3.0
40.0,2.66,3.0,2.0,2.0
40.0,2.66,3.0,2.0,2.0
74.0,3.45,3.0,3.0,3.0
71.0,4.15,2.0,4.0,3.0
112.0,7.9,3.0,4.0,5.0
90.0,1.85,1.0,2.0,1.0
90.0,2.7,2.0,3.0,2.0
40.0,2.66,3.0,2.0,2.0
50.0,2.23,2.0,2.0,2.0
46.0,2.3,2.0,3.0,2.0
68.0,3.39,3.0,3.0,2.0
50.0,2.23,2.0,2.0,2.0
46.0,2.3,2.0,3.0,2.0
62.0,2.59,1.0,2.0,2.0
90.0,6.8,3.0,5.0,5.0
60.0,2.35,2.0,3.0,2.0
46.0,2.3,2.0,3.0,2.0
46.0,2.3,2.0,3.0,2.0
90.0,3.55,2.0,3.0,2.0
37.0,1.88,2.0,2.0,2.0
100.0,5.7,3.0,4.0,4.0
50.0,2.23,2.0,2.0,2.0
62.0,3.15,2.0,3.0,2.0
60.0,3.65,3.0,4.0,4.0
96.0,9.5,2.0,4.0,3.0
99.0,12.5,4.0,4.0,4.0
73.0,8.5,3.0,3.0,2.0
93.0,6.55,3.0,3.0,4.0
130.0,16.9,3.0,4.0,4.0
90.0,5.1,4.0,4.0,4.0
90.0,4.9,3.0,3.0,3.0
90.0,3.75,2.0,3.0,3.0
100.0,2.85,2.0,4.0,4.0
75.0,3.9,3.0,4.0,4.0
70.0,16.0,3.0,3.0,3.0
80.0,4.19,1.0,2.0,2.0
61.0,2.75,2.0,3.0,3.0
85.0,5.2,1.0,2.0,1.0
58.0,5.2,2.0,2.0,2.0
61.0,6.5,4.0,3.0,3.0
90.0,3.55,2.0,3.0,2.0
90.0,3.55,2.0,3.0,2.0
171.0,3.1,1.0,2.0,1.0
100.0,8.4,2.0,3.0,3.0
68.0,1.95,2.0,3.0,1.0
106.0,4.7,1.0,5.0,5.0
50.0,2.25,2.0,2.0,2.0
90.0,5.5,4.0,5.0,4.0
28.0,1.58,2.0,2.0,2.0
5.0,3.6,3.0,2.0,2.0
90.0,2.7,1.0,2.0,2.0
65.0,4.45,3.0,3.0,3.0
80.0,3.65,2.0,3.0,3.0
85.0,5.3,4.0,5.0,5.0
105.0,5.99,3.0,3.0,3.0
60.0,2.99,3.0,4.0,3.0
67.0,3.7,4.0,4.0,4.0
51.0,3.15,1.0,2.0,2.0
61.0,3.4,3.0,4.0,4.0
51.0,3.15,1.0,2.0,2.0
72.0,3.28,2.0,3.0,4.0
70.0,3.75,2.0,3.0,3.0
74.0,3.45,3.0,3.0,3.0
61.0,2.69,2.0,3.0,3.0
62.0,2.75,1.0,2.0,2.0
60.0,3.25,3.0,3.0,4.0
55.0,3.9,2.0,2.0,2.0
125.0,16.95,4.0,5.0,5.0
106.0,4.7,1.0,5.0,5.0
77.0,4.9,3.0,3.0,3.0
67.0,3.7,4.0,4.0,4.0
40.0,1.75,2.0,3.0,2.0
55.0,2.75,2.0,2.0,2.0
60.0,2.99,3.0,4.0,3.0
150.0,3.65,2.0,3.0,2.0
72.0,3.75,3.0,4.0,4.0
84.0,3.09,2.0,2.0,3.0
67.0,3.7,4.0,4.0,4.0
70.0,2.95,3.0,4.0,3.0
37.0,2.05,3.0,3.0,3.0
40.0,1.75,2.0,3.0,2.0
67.0,3.7,4.0,4.0,4.0
37.0,2.05,3.0,3.0,3.0
50.0,3.39,2.0,3.0,2.0
35.0,2.98,2.0,2.0,2.0
103.0,11.0,2.0,3.0,2.0
58.0,2.19,1.0,2.0,2.0
150.0,3.65,2.0,3.0,2.0
53.0,2.99,2.0,4.0,2.0
40.0,1.75,2.0,3.0,2.0
78.0,3.9,2.0,3.0,3.0
47.0,2.35,1.0,2.0,1.0
85.0,3.09,2.0,2.0,2.0
54.0,2.05,1.0,2.0,2.0
85.0,3.09,2.0,2.0,2.0
54.0,2.05,1.0,2.0,2.0
80.0,5.7,2.0,2.0,2.0
80.0,7.5,3.0,3.0,3.0
105.0,6.7,4.0,4.0,4.0
83.0,3.7,2.0,4.0,2.0
105.0,5.99,3.0,3.0,3.0
53.0,2.99,2.0,4.0,2.0
63.0,4.35,3.0,3.0,3.0
103.0,11.0,2.0,3.0,2.0
95.0,5.3,1.0,2.0,2.0
65.0,5.85,3.0,3.0,3.0
114.0,7.2,3.0,4.0,4.0
53.0,2.99,2.0,4.0,2.0
105.0,5.99,3.0,3.0,3.0
39.0,1.79,1.0,2.0,1.0
105.0,5.99,3.0,3.0,3.0
96.0,8.39,2.0,3.0,2.0
51.0,2.05,1.0,2.0,2.0
50.0,3.5,3.0,4.0,4.0
53.0,5.15,2.0,2.0,2.0
98.0,3.29,2.0,3.0,2.0
65.0,4.2,1.0,2.0,2.0
100.0,3.9,1.0,2.0,1.0
86.0,5.3,2.0,3.0,2.0
100.0,5.39,2.0,3.0,2.0
75.0,3.5,2.0,5.0,3.0
55.0,7.5,3.0,3.0,3.0
76.0,5.3,4.0,5.0,5.0
56.0,5.5,3.0,4.0,3.0
85.0,4.5,3.0,3.0,4.0
60.0,4.2,3.0,3.0,3.0
98.0,3.3,2.0,3.0,4.0
90.0,6.9,3.0,5.0,5.0
76.0,2.85,2.0,3.0,3.0
100.0,4.7,2.0,3.0,2.0
138.0,5.1,3.0,4.0,4.0
75.0,2.75,3.0,5.0,3.0
79.0,4.29,2.0,3.0,2.0
137.0,5.15,3.0,4.0,5.0
137.0,5.1,3.0,4.0,5.0
98.0,4.6,2.0,2.0,2.0
138.0,5.19,3.0,4.0,4.0
60.0,4.2,3.0,3.0,3.0
24.0,1.35,2.0,2.0,1.0
51.0,3.4,1.0,2.0,2.0
100.0,5.3,2.0,4.0,2.0
61.0,2.75,2.0,3.0,3.0
80.0,2.58,2.0,3.0,2.0
100.0,5.8,3.0,4.0,4.0
33.0,2.37,2.0,2.0,2.0
85.0,5.5,3.0,4.0,3.0
31.0,1.65,2.0,2.0,2.0
90.0,6.49,3.0,4.0,4.0
66.0,5.8,2.0,3.0,2.0
53.0,5.15,2.0,2.0,2.0
43.0,3.3,4.0,3.0,3.0
75.0,4.2,2.0,3.0,2.0
100.0,5.0,2.0,2.0,2.0
70.0,2.39,2.0,2.0,2.0
107.0,14.0,3.0,5.0,5.0
65.0,9.88,3.0,4.0,4.0
61.0,2.5,1.0,2.0,2.0
42.0,2.55,2.0,2.0,2.0
51.0,2.05,1.0,2.0,2.0
75.0,3.5,2.0,5.0,3.0
61.0,3.95,3.0,4.0,3.0
55.0,2.75,2.0,3.0,2.0
58.0,3.19,2.0,3.0,2.0
67.0,3.25,3.0,3.0,3.0
110.0,12.2,3.0,4.0,3.0
65.0,9.88,3.0,4.0,4.0
43.0,3.29,2.0,3.0,2.0
58.0,3.19,2.0,3.0,2.0
56.0,8.0,3.0,2.0,2.0
55.0,2.59,2.0,2.0,1.0
61.0,2.5,1.0,2.0,2.0
60.0,2.5,1.0,2.0,1.0
83.0,3.6,2.0,3.0,2.0
80.0,4.2,3.0,3.0,3.0
46.0,3.75,3.0,4.0,4.0
98.0,2.69,2.0,3.0,2.0
84.0,2.35,1.0,2.0,1.0
163.0,13.2,3.0,4.0,4.0
110.0,12.2,3.0,4.0,3.0
83.0,5.1,1.0,4.0,4.0
52.0,3.05,2.0,3.0,2.0
55.0,2.6,2.0,2.0,1.0
84.0,3.29,2.0,2.0,3.0
45.0,2.75,2.0,2.0,2.0
40.0,2.4,2.0,3.0,2.0
31.0,1.75,2.0,2.0,1.0
100.0,5.29,2.0,2.0,2.0
75.0,11.0,3.0,3.0,3.0
40.0,2.45,2.0,3.0,2.0
80.0,6.5,3.0,4.0,3.0
83.0,5.1,1.0,4.0,4.0
55.0,4.0,2.0,2.0,2.0
67.0,2.55,2.0,2.0,1.0
124.0,14.0,3.0,4.0,4.0
50.0,3.0,2.0,2.0,2.0
50.0,3.8,3.0,4.0,4.0
77.0,2.28,2.0,3.0,1.0
100.0,5.5,3.0,4.0,4.0
45.0,2.09,2.0,2.0,2.0
118.0,14.99,3.0,4.0,4.0
67.0,2.55,2.0,2.0,1.0
100.0,6.4,3.0,4.0,4.0
85.0,6.4,3.0,4.0,4.0
54.0,3.8,2.0,3.0,3.0
64.0,7.5,4.0,5.0,5.0
85.0,4.55,2.0,4.0,2.0
54.0,2.88,2.0,2.0,2.0
54.0,2.75,2.0,3.0,2.0
70.0,3.15,2.0,2.0,1.0
24.0,1.75,2.0,2.0,1.0
63.0,2.75,2.0,3.0,3.0
51.0,4.3,4.0,4.0,5.0
144.0,9.8,3.0,4.0,4.0
50.0,4.2,3.0,3.0,2.0
98.0,3.8,1.0,2.0,2.0
63.0,2.65,2.0,3.0,3.0
47.0,2.25,1.0,2.0,1.0
46.0,2.8,4.0,5.0,3.0
53.0,4.15,3.0,3.0,3.0
69.0,4.8,3.0,4.0,3.0
69.0,4.8,3.0,4.0,3.0
60.0,3.39,2.0,2.0,1.0
91.0,12.0,3.0,3.0,3.0
75.0,4.8,2.0,2.0,2.0
98.0,2.88,1.0,3.0,3.0
56.0,4.6,4.0,3.0,4.0
75.0,2.3,1.0,3.0,3.0
75.0,2.3,1.0,3.0,3.0
56.0,4.6,4.0,3.0,4.0
58.0,3.39,2.0,3.0,2.0
72.0,4.85,3.0,3.0,3.0
89.0,3.68,2.0,2.0,2.0
62.0,2.75,2.0,3.0,2.0
55.0,5.45,2.0,4.0,3.0
28.0,1.58,2.0,2.0,2.0
120.0,3.5,3.0,3.0,4.0
35.0,3.2,2.0,2.0,2.0
120.0,3.5,3.0,3.0,4.0
85.0,6.65,3.0,3.0,4.0
50.0,3.75,3.0,3.0,3.0
99.0,5.7,4.0,4.0,5.0
60.0,13.9,3.0,4.0,3.0
64.0,3.1,3.0,3.0,2.0
72.0,4.85,3.0,3.0,3.0
58.0,3.39,2.0,3.0,2.0
60.0,3.85,3.0,3.0,4.0
27.0,1.69,3.0,3.0,2.0
100.0,4.09,3.0,3.0,4.0
65.0,3.45,1.0,3.0,1.0
90.0,3.6,1.0,2.0,1.0
43.0,3.5,3.0,3.0,3.0
80.0,5.6,2.0,3.0,2.0
31.0,2.19,2.0,3.0,2.0
99.0,5.7,4.0,4.0,5.0
85.0,4.35,2.0,4.0,2.0
61.0,3.09,2.0,3.0,2.0
80.0,7.5,3.0,3.0,3.0
42.0,2.65,2.0,2.0,2.0
41.0,3.85,3.0,3.0,3.0
85.0,4.35,2.0,4.0,2.0
120.0,4.4,2.0,3.0,2.0
65.0,2.8,2.0,3.0,2.0
65.0,2.8,2.0,3.0,2.0
33.0,2.15,2.0,2.0,2.0
85.0,5.7,3.0,4.0,3.0
33.0,2.15,2.0,2.0,2.0
54.0,2.79,3.0,3.0,2.0
143.0,7.4,2.0,5.0,5.0
85.0,5.7,3.0,4.0,3.0
30.0,1.65,2.0,2.0,1.0
30.0,1.65,2.0,2.0,1.0
131.0,3.65,3.0,3.0,3.0
54.0,2.59,2.0,3.0,3.0
60.0,13.9,3.0,3.0,3.0
64.0,3.25,3.0,3.0,3.0
60.0,13.9,3.0,3.0,3.0
47.0,2.15,2.0,2.0,1.0
44.0,2.45,2.0,2.0,2.0
73.0,5.1,3.0,4.0,3.0
184.0,12.9,4.0,5.0,5.0
72.0,2.42,1.0,2.0,1.0
35.0,1.95,2.0,2.0,2.0
57.0,3.6,3.0,3.0,4.0
85.0,6.69,3.0,4.0,4.0
59.0,3.39,2.0,2.0,1.0
41.0,2.59,2.0,2.0,2.0
65.0,5.1,1.0,2.0,2.0
58.0,5.0,3.0,3.0,3.0
129.0,14.5,3.0,3.0,4.0
40.0,1.88,2.0,2.0,2.0
72.0,4.89,3.0,4.0,4.0
88.0,3.6,2.0,3.0,3.0
63.0,4.75,1.0,2.0,1.0
170.0,14.6,3.0,5.0,5.0
100.0,5.3,1.0,4.0,4.0
67.0,2.55,2.0,2.0,1.0
31.0,2.05,2.0,2.0,2.0
100.0,6.25,2.0,3.0,2.0
100.0,6.25,2.0,3.0,2.0
66.0,4.1,3.0,3.0,2.0
20.0,1.55,2.0,2.0,1.0
100.0,6.1,2.0,3.0,2.0
54.0,3.29,2.0,2.0,2.0
50.0,3.6,2.0,2.0,2.0
96.0,3.0,2.0,3.0,2.0
40.0,1.88,2.0,2.0,2.0
5.0,8.95,3.0,4.0,3.0
56.0,4.6,3.0,3.0,3.0
65.0,9.9,3.0,4.0,4.0
92.0,8.95,3.0,3.0,3.0
35.0,3.29,3.0,2.0,2.0
66.0,4.1,3.0,3.0,2.0
72.0,4.2,1.0,2.0,1.0
42.0,1.63,1.0,2.0,1.0
100.0,6.95,3.0,4.0,4.0
80.0,8.5,4.0,3.0,4.0
95.0,9.95,2.0,3.0,3.0
95.0,6.59,3.0,3.0,3.0
45.0,2.09,2.0,2.0,2.0
64.0,13.5,3.0,3.0,2.0
62.0,2.48,2.0,2.0,2.0
64.0,13.5,3.0,3.0,2.0
88.0,4.3,1.0,2.0,2.0
54.0,3.29,2.0,2.0,2.0
45.0,2.09,2.0,2.0,2.0
60.0,2.55,1.0,2.0,1.0
96.0,9.99,2.0,3.0,3.0
50.0,3.2,3.0,3.0,2.0
50.0,5.5,2.0,2.0,2.0
60.0,2.55,2.0,2.0,2.0
70.0,2.45,2.0,2.0,2.0
108.0,9.5,4.0,5.0,5.0
120.0,9.99,3.0,3.0,4.0
47.0,2.39,2.0,3.0,2.0
80.0,5.76,3.0,3.0,4.0
50.0,3.2,3.0,3.0,2.0
129.0,14.5,3.0,3.0,4.0
70.0,2.35,2.0,3.0,2.0
67.0,3.58,3.0,3.0,3.0
70.0,4.25,2.0,3.0,4.0
50.0,3.2,3.0,3.0,2.0
100.0,6.79,3.0,4.0,4.0
66.0,4.3,2.0,2.0,2.0
100.0,6.5,4.0,5.0,5.0
60.0,3.39,2.0,2.0,1.0
100.0,6.79,3.0,4.0,4.0
56.0,3.8,2.0,3.0,2.0
58.0,9.7,3.0,3.0,3.0
96.0,1.52,1.0,2.0,1.0
43.0,1.78,2.0,2.0,2.0
55.0,6.7,3.0,3.0,3.0
77.0,3.05,1.0,2.0,1.0
134.0,3.75,3.0,5.0,5.0
100.0,5.3,1.0,3.0,3.0
59.0,3.39,2.0,2.0,1.0
53.0,2.19,2.0,2.0,2.0
39.0,1.79,1.0,2.0,1.0
30.0,2.39,2.0,2.0,2.0
70.0,9.5,4.0,5.0,5.0
52.0,5.95,4.0,4.0,4.0
95.0,3.6,2.0,3.0,2.0
46.0,1.99,2.0,2.0,1.0
72.0,3.95,3.0,3.0,3.0
65.0,9.9,3.0,4.0,4.0
67.0,2.45,2.0,2.0,2.0
58.0,3.39,2.0,2.0,2.0
97.0,6.29,2.0,3.0,2.0
77.0,2.28,2.0,3.0,2.0
83.0,2.35,2.0,2.0,2.0
85.0,6.65,3.0,3.0,4.0
65.0,9.9,3.0,4.0,4.0
31.0,1.68,2.0,2.0,1.0
134.0,3.75,3.0,5.0,5.0
172.0,8.2,1.0,2.0,1.0
95.0,6.1,3.0,3.0,3.0
93.0,2.45,2.0,3.0,2.0
45.0,2.85,3.0,3.0,3.0
134.0,3.75,3.0,5.0,5.0
100.0,4.3,2.0,3.0,3.0
75.0,3.85,2.0,3.0,2.0
76.0,3.05,1.0,2.0,1.0
60.0,6.1,2.0,3.0,2.0
125.0,3.6,2.0,2.0,1.0
45.0,3.9,3.0,3.0,3.0
55.0,5.45,2.0,4.0,3.0
85.0,4.99,2.0,3.0,2.0
33.0,2.37,3.0,2.0,2.0
62.0,2.54,2.0,2.0,2.0
75.0,3.5,2.0,2.0,2.0
81.0,5.3,2.0,3.0,2.0
81.0,5.6,3.0,3.0,3.0
89.0,3.1,2.0,3.0,2.0
63.0,2.75,2.0,3.0,2.0
101.0,6.49,3.0,5.0,5.0
67.0,2.45,2.0,2.0,2.0
70.0,4.2,3.0,3.0,3.0
105.0,9.2,3.0,5.0,4.0
95.0,6.1,3.0,2.0,3.0
36.0,3.15,2.0,2.0,2.0
72.0,5.45,3.0,3.0,4.0
95.0,6.0,3.0,2.0,3.0
62.0,2.65,2.0,3.0,2.0
72.0,2.7,2.0,3.0,2.0
100.0,6.5,3.0,5.0,5.0
67.0,2.45,2.0,2.0,2.0
28.0,1.55,2.0,2.0,2.0
93.0,4.69,3.0,3.0,3.0
73.0,5.5,2.0,3.0,2.0
67.0,2.45,2.0,2.0,2.0
123.0,11.0,2.0,3.0,2.0
65.0,2.85,2.0,2.0,2.0
70.0,5.65,3.0,3.0,3.0
50.0,2.78,2.0,2.0,2.0
81.0,5.6,3.0,4.0,3.0
90.0,7.5,3.0,5.0,4.0
100.0,9.5,3.0,4.0,4.0
74.0,5.15,4.0,4.0,5.0
41.0,1.89,2.0,2.0,1.0
75.0,4.35,3.0,3.0,4.0
61.0,3.19,3.0,3.0,3.0
116.0,12.8,1.0,2.0,1.0
36.0,2.3,3.0,3.0,2.0
190.0,4.3,1.0,3.0,2.0
68.0,3.2,3.0,3.0,3.0
54.0,4.65,3.0,3.0,4.0
64.0,4.35,3.0,4.0,3.0
96.0,10.99,2.0,3.0,3.0
83.0,15.2,4.0,5.0,4.0
81.0,6.5,3.0,3.0,3.0
60.0,6.5,3.0,3.0,3.0
180.0,13.45,2.0,4.0,5.0
100.0,5.7,3.0,4.0,4.0
24.0,1.75,2.0,2.0,2.0
42.0,2.75,2.0,2.0,2.0
63.0,3.15,2.0,3.0,3.0
76.0,2.99,2.0,3.0,3.0
72.0,4.85,3.0,4.0,4.0
72.0,4.2,1.0,2.0,1.0
190.0,7.5,2.0,3.0,3.0
96.0,12.99,3.0,4.0,3.0
42.0,2.75,2.0,2.0,2.0
72.0,4.2,1.0,2.0,1.0
85.0,6.85,3.0,4.0,4.0
49.0,4.9,4.0,4.0,3.0
55.0,5.45,2.0,4.0,3.0
48.0,4.9,4.0,4.0,3.0
100.0,6.5,3.0,3.0,3.0
43.0,3.45,4.0,3.0,3.0
41.0,3.35,3.0,3.0,3.0
67.0,3.58,3.0,3.0,3.0
38.0,2.35,3.0,3.0,3.0
42.0,3.35,3.0,3.0,2.0
26.0,1.75,2.0,2.0,2.0
48.0,4.9,4.0,4.0,3.0
35.0,3.2,3.0,2.0,2.0
53.0,2.45,2.0,2.0,2.0
31.0,2.15,2.0,2.0,2.0
50.0,4.3,4.0,4.0,3.0
82.0,2.35,1.0,2.0,1.0
85.0,5.85,4.0,3.0,3.0
95.0,6.6,3.0,3.0,3.0
81.0,5.8,3.0,3.0,3.0
52.0,4.75,3.0,4.0,5.0
58.0,1.67,2.0,2.0,1.0
58.0,1.95,2.0,3.0,1.0
58.0,1.95,2.0,3.0,1.0
65.0,4.5,1.0,2.0,2.0
65.0,4.5,1.0,2.0,2.0
61.0,3.1,2.0,3.0,2.0
90.0,5.8,2.0,3.0,2.0
96.0,10.99,2.0,3.0,3.0
62.0,9.6,4.0,4.0,4.0
36.0,3.15,2.0,2.0,2.0
90.0,2.68,1.0,2.0,1.0
43.0,3.45,4.0,2.0,3.0
100.0,8.95,3.0,4.0,5.0
45.0,4.35,3.0,2.0,2.0
56.0,5.3,3.0,3.0,3.0
62.0,9.6,4.0,4.0,4.0
67.0,4.3,2.0,2.0,2.0
125.0,16.95,4.0,5.0,5.0
54.0,2.35,1.0,2.0,1.0
82.0,7.9,3.0,4.0,3.0
31.0,2.15,2.0,2.0,2.0
121.0,5.3,2.0,3.0,4.0
71.0,14.5,4.0,3.0,4.0
100.0,7.0,3.0,4.0,4.0
40.0,1.88,2.0,2.0,2.0
100.0,7.0,3.0,3.0,3.0
125.0,16.95,4.0,5.0,5.0
83.0,12.5,2.0,3.0,4.0
40.0,2.7,3.0,3.0,3.0
96.0,6.2,3.0,3.0,3.0
175.0,11.0,3.0,4.0,5.0
100.0,6.7,3.0,4.0,3.0
42.0,2.48,3.0,4.0,3.0
40.0,2.69,3.0,3.0,3.0
58.0,2.69,3.0,4.0,5.0
61.0,2.8,2.0,3.0,2.0
122.0,5.1,3.0,3.0,4.0
51.0,2.6,2.0,2.0,2.0
100.0,5.7,3.0,3.0,3.0
72.0,2.17,1.0,2.0,1.0
117.0,3.3,1.0,5.0,5.0
60.0,11.5,3.0,3.0,3.0
43.0,2.65,2.0,2.0,2.0
105.0,3.45,1.0,4.0,4.0
90.0,4.69,2.0,2.0,2.0
81.0,5.7,3.0,3.0,3.0
41.0,2.45,2.0,3.0,2.0
122.0,8.0,4.0,5.0,4.0
75.0,2.4,2.0,3.0,2.0
43.0,2.45,2.0,2.0,3.0
100.0,5.3,2.0,3.0,2.0
122.0,8.0,4.0,5.0,4.0
130.0,11.9,4.0,4.0,3.0
96.0,2.55,2.0,3.0,2.0
60.0,4.5,4.0,4.0,5.0
51.0,3.15,3.0,3.0,3.0
80.0,5.75,2.0,3.0,3.0
70.0,3.95,2.0,3.0,2.0
48.0,3.5,2.0,2.0,2.0
50.0,2.78,2.0,2.0,2.0
65.0,4.5,2.0,2.0,2.0
75.0,2.4,2.0,3.0,2.0
121.0,5.2,3.0,3.0,3.0
91.0,2.75,2.0,3.0,2.0
78.0,3.6,2.0,3.0,2.0
100.0,5.3,2.0,3.0,2.0
43.0,1.78,2.0,2.0,2.0
58.0,3.4,2.0,2.0,2.0
91.0,3.7,3.0,4.0,3.0
78.0,3.6,2.0,3.0,2.0
48.0,2.75,2.0,3.0,2.0
91.0,3.7,3.0,3.0,3.0
41.0,2.45,2.0,3.0,2.0
100.0,4.28,2.0,3.0,3.0
158.0,3.3,2.0,3.0,2.0
90.0,6.2,2.0,3.0,2.0
100.0,5.7,3.0,3.0,3.0
64.0,2.95,3.0,3.0,3.0
88.0,7.3,3.0,5.0,5.0
109.0,12.5,3.0,4.0,4.0
98.0,2.55,1.0,3.0,1.0
37.0,3.15,3.0,3.0,3.0
180.0,6.6,1.0,5.0,5.0
50.0,3.6,2.0,2.0,2.0
50.0,3.6,2.0,2.0,2.0
134.0,9.8,3.0,4.0,4.0
118.0,6.3,2.0,4.0,4.0
110.0,6.95,3.0,3.0,3.0
30.0,1.89,2.0,2.0,2.0
33.0,2.37,2.0,2.0,2.0
85.0,4.99,2.0,3.0,2.0
61.0,3.19,3.0,3.0,3.0
67.0,3.58,3.0,3.0,3.0
48.0,2.75,2.0,3.0,2.0
44.0,1.52,1.0,2.0,1.0
30.0,1.89,2.0,2.0,2.0
81.0,5.7,3.0,3.0,3.0
58.0,3.4,2.0,2.0,2.0
100.0,4.3,3.0,3.0,3.0
50.0,3.05,3.0,3.0,2.0
160.0,7.2,2.0,3.0,3.0
33.0,2.37,2.0,2.0,2.0
81.0,5.7,3.0,3.0,3.0
15.0,1.35,2.0,2.0,1.0
58.0,3.4,2.0,2.0,2.0
72.0,2.45,2.0,3.0,2.0
70.0,2.4,2.0,3.0,2.0
100.0,5.5,2.0,3.0,4.0
40.0,1.85,2.0,2.0,2.0
72.0,5.5,2.0,3.0,2.0
148.0,7.0,3.0,3.0,3.0
52.0,4.39,3.0,4.0,3.0
53.0,2.19,2.0,2.0,2.0
156.0,10.5,3.0,5.0,5.0
99.0,3.3,2.0,3.0,2.0
81.0,5.7,3.0,3.0,3.0
72.0,2.17,1.0,2.0,1.0
43.0,3.5,4.0,2.0,3.0
105.0,4.6,2.0,3.0,2.0
90.0,6.1,3.0,3.0,3.0
63.0,4.15,4.0,4.0,5.0
89.0,2.39,2.0,2.0,2.0
92.0,11.0,3.0,3.0,3.0
54.0,2.85,2.0,3.0,2.0
54.0,2.85,2.0,3.0,2.0
70.0,4.3,3.0,3.0,4.0
66.0,2.25,1.0,2.0,1.0
180.0,6.5,1.0,2.0,2.0
84.0,2.39,1.0,2.0,2.0
37.0,2.65,3.0,3.0,3.0
48.0,1.65,1.0,2.0,2.0
100.0,15.0,4.0,5.0,5.0
80.0,2.2,2.0,3.0,2.0
99.0,2.65,1.0,3.0,1.0
160.0,9.2,1.0,2.0,2.0
99.0,2.65,1.0,3.0,1.0
92.0,11.0,3.0,3.0,3.0
99.0,2.65,1.0,3.0,1.0
76.0,3.15,1.0,2.0,2.0
100.0,4.4,2.0,3.0,3.0
100.0,3.3,2.0,3.0,2.0
160.0,9.2,1.0,2.0,2.0
75.0,3.8,2.0,2.0,2.0
90.0,4.3,1.0,2.0,1.0
70.0,3.8,3.0,4.0,4.0
15.0,2.0,3.0,2.0,2.0
102.0,8.99,2.0,3.0,2.0
137.0,2.6,2.0,3.0,2.0
76.0,3.15,1.0,2.0,2.0
152.0,9.6,2.0,3.0,3.0
120.0,14.5,3.0,4.0,4.0
72.0,5.2,4.0,4.0,5.0
102.0,8.99,2.0,3.0,2.0
72.0,3.02,2.0,2.0,1.0
86.0,4.99,2.0,3.0,3.0
86.0,5.95,1.0,4.0,4.0
78.0,4.75,3.0,3.0,4.0
80.0,2.85,1.0,4.0,5.0
100.0,7.0,3.0,4.0,4.0
43.0,2.25,2.0,2.0,1.0
144.0,9.8,3.0,4.0,4.0
126.0,5.5,1.0,4.0,4.0
180.0,14.5,2.0,4.0,4.0
72.0,2.17,1.0,2.0,1.0
100.0,4.39,2.0,3.0,2.0
80.0,1.85,1.0,3.0,3.0
133.0,7.5,2.0,4.0,4.0
65.0,8.3,2.0,3.0,3.0
148.0,15.8,2.0,4.0,2.0
100.0,3.0,2.0,3.0,2.0
60.0,9.9,3.0,3.0,3.0
70.0,4.4,3.0,3.0,3.0
149.0,5.5,1.0,3.0,3.0
91.0,4.89,3.0,3.0,3.0
73.0,12.0,4.0,4.0,4.0
56.0,3.3,2.0,2.0,2.0
54.0,2.7,1.0,2.0,2.0
43.0,1.78,2.0,2.0,2.0
150.0,9.5,1.0,4.0,2.0
100.0,4.4,2.0,3.0,3.0
100.0,5.3,1.0,4.0,4.0
186.0,10.1,1.0,5.0,5.0
100.0,9.0,4.0,5.0,5.0
68.0,2.4,2.0,2.0,2.0
42.0,9.0,3.0,3.0,3.0
15.0,1.35,2.0,2.0,1.0
37.0,3.15,3.0,3.0,3.0
60.0,3.7,3.0,3.0,2.0
96.0,6.2,3.0,3.0,3.0
186.0,10.5,1.0,3.0,2.0
80.0,8.4,2.0,4.0,2.0
121.0,5.2,2.0,3.0,3.0
41.0,1.98,2.0,2.0,2.0
55.0,7.0,3.0,4.0,3.0
122.0,5.3,2.0,3.0,3.0
44.0,1.89,2.0,3.0,3.0
37.0,3.4,2.0,2.0,2.0
71.0,5.0,4.0,4.0,4.0
64.0,4.2,3.0,3.0,3.0
91.0,4.9,3.0,3.0,3.0
84.0,4.59,3.0,3.0,4.0
186.0,10.5,1.0,3.0,2.0
100.0,5.4,2.0,3.0,3.0
52.0,3.25,2.0,2.0,2.0
55.0,3.2,2.0,2.0,2.0
68.0,2.55,1.0,2.0,1.0
76.0,4.95,4.0,5.0,5.0
54.0,3.8,2.0,3.0,2.0
100.0,5.3,1.0,5.0,5.0
91.0,4.9,3.0,3.0,3.0
91.0,4.9,3.0,3.0,3.0
53.0,2.19,2.0,2.0,2.0
70.0,2.4,2.0,3.0,2.0
71.0,3.12,1.0,2.0,2.0
125.0,3.3,2.0,2.0,3.0
95.0,7.1,3.0,4.0,4.0
54.0,4.85,3.0,3.0,2.0
54.0,4.85,3.0,3.0,3.0
64.0,6.5,2.0,2.0,2.0
136.0,5.4,3.0,4.0,4.0
71.0,5.0,4.0,4.0,4.0
105.0,5.1,2.0,3.0,2.0
71.0,3.35,1.0,2.0,1.0
76.0,4.95,4.0,5.0,5.0
100.0,3.8,2.0,3.0,3.0
54.0,2.85,2.0,3.0,2.0
54.0,2.39,2.0,3.0,2.0
56.0,4.7,4.0,4.0,4.0
186.0,10.5,1.0,5.0,5.0
54.0,2.85,2.0,3.0,2.0
99.0,5.7,4.0,4.0,4.0
105.0,9.3,4.0,5.0,5.0
37.0,1.79,2.0,2.0,2.0
76.0,4.95,4.0,5.0,5.0
170.0,13.5,3.0,5.0,5.0
92.0,8.9,3.0,3.0,3.0
135.0,4.1,2.0,2.0,2.0
90.0,5.5,2.0,2.0,3.0
118.0,12.8,3.0,5.0,4.0
186.0,10.5,1.0,5.0,5.0
186.0,10.5,1.0,5.0,5.0
87.0,5.9,3.0,3.0,3.0
92.0,8.9,3.0,3.0,3.0
67.0,3.05,3.0,3.0,3.0
115.0,8.0,2.0,3.0,3.0
120.0,7.5,3.0,4.0,4.0
64.0,2.39,2.0,3.0,2.0
58.0,2.35,1.0,2.0,1.0
71.0,3.12,1.0,2.0,2.0
47.0,3.65,3.0,3.0,3.0
109.0,9.5,4.0,5.0,5.0
72.0,15.5,4.0,4.0,3.0
74.0,4.4,3.0,3.0,3.0
75.0,5.0,2.0,3.0,2.0
90.0,6.5,3.0,3.0,3.0
50.0,3.49,3.0,3.0,3.0
70.0,4.97,2.0,3.0,2.0
38.0,2.75,2.0,2.0,2.0
100.0,13.5,3.0,4.0,2.0
105.0,11.8,2.0,3.0,2.0
50.0,3.5,3.0,3.0,3.0
57.0,4.3,3.0,4.0,3.0
196.0,13.9,1.0,3.0,2.0
68.0,4.72,2.0,2.0,3.0
100.0,6.4,3.0,3.0,2.0
70.0,2.45,2.0,2.0,2.0
74.0,4.4,3.0,3.0,3.0
56.0,3.6,2.0,3.0,2.0
80.0,4.6,1.0,2.0,1.0
74.0,4.4,3.0,3.0,3.0
60.0,4.75,1.0,2.0,2.0
71.0,15.5,4.0,4.0,4.0
80.0,4.5,1.0,2.0,1.0
100.0,5.5,2.0,3.0,2.0
50.0,3.99,3.0,3.0,2.0
60.0,3.4,1.0,2.0,1.0
74.0,4.4,3.0,3.0,3.0
125.0,5.9,1.0,2.0,1.0
75.0,6.5,3.0,3.0,3.0
72.0,15.5,4.0,4.0,3.0
36.0,2.68,3.0,3.0,2.0
60.0,1.75,1.0,2.0,2.0
70.0,3.12,1.0,2.0,2.0
70.0,3.12,1.0,2.0,2.0
75.0,5.0,2.0,3.0,2.0
100.0,10.0,3.0,3.0,2.0
54.0,3.2,3.0,4.0,4.0
64.0,2.05,2.0,3.0,2.0
66.0,4.1,3.0,3.0,2.0
72.0,5.9,2.0,3.0,2.0
63.0,2.05,2.0,3.0,2.0
80.0,2.65,1.0,4.0,5.0
120.0,4.5,1.0,5.0,5.0
72.0,3.5,3.0,3.0,3.0
73.0,3.1,1.0,2.0,1.0
61.0,2.75,3.0,3.0,3.0
76.0,2.58,2.0,3.0,2.0
73.0,3.05,3.0,3.0,3.0
53.0,1.65,2.0,2.0,2.0
95.0,4.8,3.0,4.0,3.0
98.0,6.7,2.0,4.0,4.0
75.0,5.0,2.0,3.0,2.0
75.0,5.7,2.0,3.0,2.0
180.0,8.5,2.0,5.0,5.0
75.0,5.7,2.0,3.0,2.0
88.0,4.37,2.0,3.0,3.0
70.0,5.1,3.0,3.0,2.0
55.0,4.7,3.0,3.0,3.0
47.0,2.58,2.0,2.0,2.0
61.0,3.0,1.0,2.0,1.0
40.0,2.75,2.0,3.0,2.0
100.0,7.0,3.0,4.0,4.0
122.0,3.6,2.0,2.0,1.0
71.0,2.59,2.0,2.0,2.0
47.0,2.58,2.0,2.0,2.0
47.0,2.58,2.0,2.0,2.0
40.0,2.75,2.0,3.0,2.0
80.0,3.0,2.0,3.0,2.0
72.0,4.85,3.0,3.0,2.0
72.0,4.1,3.0,3.0,2.0
70.0,2.45,1.0,2.0,2.0
66.0,1.79,1.0,2.0,2.0
66.0,4.2,3.0,5.0,4.0
48.0,2.29,2.0,3.0,2.0
125.0,6.8,3.0,3.0,4.0
70.0,3.65,2.0,2.0,2.0
58.0,4.5,2.0,3.0,2.0
80.0,2.95,3.0,3.0,3.0
76.0,4.6,3.0,3.0,4.0
56.0,4.3,4.0,3.0,3.0
48.0,1.85,2.0,2.0,2.0
65.0,2.3,1.0,2.0,2.0
85.0,6.0,1.0,2.0,1.0
70.0,3.49,3.0,3.0,2.0
70.0,3.82,3.0,3.0,3.0
75.0,3.25,3.0,3.0,3.0
90.0,3.79,2.0,3.0,2.0
41.0,6.0,3.0,3.0,3.0
30.0,2.09,2.0,2.0,2.0
34.0,1.55,2.0,2.0,2.0
55.0,2.15,2.0,2.0,2.0
80.0,5.1,2.0,3.0,2.0
90.0,5.25,2.0,3.0,2.0
85.0,3.6,2.0,3.0,3.0
92.0,6.2,3.0,3.0,4.0
127.0,4.1,2.0,3.0,2.0
60.0,4.89,2.0,2.0,3.0
41.0,2.65,3.0,3.0,2.0
93.0,4.5,2.0,3.0,2.0
130.0,3.85,3.0,5.0,5.0
51.0,2.3,2.0,2.0,1.0
100.0,4.4,1.0,2.0,2.0
125.0,6.8,3.0,3.0,3.0
25.0,1.65,2.0,2.0,2.0
54.0,3.2,3.0,4.0,4.0
93.0,4.5,2.0,3.0,2.0
100.0,5.8,3.0,4.0,4.0
100.0,16.0,3.0,5.0,5.0
77.0,3.7,2.0,2.0,1.0
60.0,2.95,3.0,3.0,3.0
70.0,3.65,2.0,2.0,2.0
78.0,3.0,2.0,2.0,2.0
64.0,6.1,1.0,2.0,1.0
54.0,3.2,3.0,4.0,4.0
66.0,4.97,3.0,3.0,2.0
75.0,5.95,3.0,3.0,2.0
78.0,3.5,3.0,3.0,3.0
56.0,1.8,1.0,2.0,2.0
80.0,10.95,3.0,5.0,5.0
61.0,3.0,1.0,2.0,1.0
93.0,4.5,2.0,3.0,2.0
171.0,8.98,4.0,5.0,5.0
85.0,6.2,3.0,4.0,4.0
85.0,6.2,1.0,2.0,1.0
90.0,5.5,4.0,5.0,4.0
51.0,3.75,4.0,3.0,3.0
100.0,3.7,2.0,3.0,2.0
75.0,4.2,2.0,3.0,2.0
77.0,4.65,3.0,3.0,3.0
75.0,4.15,2.0,2.0,2.0
75.0,5.4,3.0,3.0,2.0
58.0,7.89,4.0,4.0,5.0
58.0,7.89,4.0,4.0,5.0
84.0,5.99,4.0,5.0,5.0
76.0,3.25,1.0,2.0,2.0
100.0,3.7,2.0,3.0,2.0
145.0,9.4,2.0,5.0,3.0
85.0,4.7,3.0,3.0,3.0
45.0,2.85,3.0,3.0,3.0
45.0,2.85,3.0,3.0,3.0
35.0,2.2,2.0,2.0,2.0
56.0,1.8,1.0,2.0,2.0
75.0,6.3,3.0,4.0,2.0
75.0,6.0,3.0,3.0,2.0
52.0,1.95,2.0,2.0,2.0
61.0,2.4,2.0,2.0,2.0
55.0,2.55,2.0,2.0,2.0
85.0,5.1,3.0,3.0,2.0
45.0,2.85,3.0,3.0,3.0
150.0,9.8,3.0,5.0,5.0
72.0,5.2,2.0,3.0,3.0
186.0,13.2,3.0,5.0,2.0
72.0,5.2,2.0,3.0,3.0
186.0,13.2,3.0,5.0,2.0
30.0,2.2,2.0,2.0,2.0
40.0,2.75,2.0,3.0,2.0
100.0,3.8,2.0,2.0,2.0
62.0,2.6,2.0,2.0,2.0
65.0,3.5,3.0,3.0,3.0
110.0,4.4,2.0,5.0,5.0
110.0,4.39,2.0,5.0,5.0
52.0,3.69,3.0,3.0,3.0
51.0,3.7,3.0,3.0,3.0
30.0,2.6,3.0,3.0,3.0
105.0,6.0,3.0,3.0,2.0
100.0,7.9,3.0,3.0,2.0
88.0,5.0,1.0,4.0,2.0
94.0,3.77,2.0,3.0,2.0
150.0,9.8,3.0,5.0,5.0
72.0,5.2,2.0,3.0,3.0
186.0,13.2,3.0,5.0,2.0
30.0,2.2,2.0,2.0,2.0
40.0,2.75,2.0,3.0,2.0
100.0,3.8,2.0,2.0,2.0
62.0,2.6,2.0,2.0,2.0
65.0,3.5,3.0,3.0,3.0
110.0,4.4,2.0,5.0,5.0
110.0,4.39,2.0,5.0,5.0
52.0,3.69,3.0,3.0,3.0
51.0,3.7,3.0,3.0,3.0
30.0,2.6,3.0,3.0,3.0
105.0,6.0,3.0,3.0,2.0
100.0,7.9,3.0,3.0,2.0
88.0,5.0,1.0,4.0,2.0
94.0,3.77,2.0,3.0,2.0
40.0,2.75,2.0,3.0,2.0
94.0,3.77,2.0,3.0,2.0
94.0,3.75,1.0,3.0,2.0
36.0,1.95,2.0,2.0,2.0
80.0,8.8,4.0,4.0,4.0
80.0,8.8,4.0,4.0,4.0
75.0,6.3,3.0,2.0,2.0
52.0,3.69,3.0,3.0,3.0
85.0,4.35,3.0,4.0,3.0
100.0,4.65,2.0,3.0,2.0
51.0,3.7,3.0,3.0,3.0
52.0,3.69,3.0,3.0,3.0
99.0,3.5,2.0,4.0,4.0
52.0,3.7,3.0,3.0,3.0
52.0,3.7,3.0,3.0,3.0
62.0,4.1,3.0,4.0,4.0
51.0,3.7,3.0,3.0,3.0
151.0,4.4,2.0,5.0,4.0
51.0,3.7,3.0,3.0,3.0
64.0,1.85,2.0,2.0,3.0
85.0,2.2,1.0,2.0,1.0
48.0,2.59,2.0,3.0,2.0
90.0,6.5,3.0,3.0,3.0
36.0,1.96,2.0,2.0,2.0
15.0,1.19,2.0,2.0,1.0
38.0,3.7,4.0,3.0,4.0
80.0,5.0,2.0,3.0,3.0
90.0,4.45,2.0,3.0,2.0
80.0,5.0,2.0,3.0,3.0
120.0,3.2,2.0,4.0,3.0
90.0,4.45,2.0,3.0,3.0
51.0,2.7,2.0,2.0,2.0
80.0,11.95,4.0,5.0,5.0
110.0,8.5,2.0,3.0,2.0
93.0,4.85,2.0,3.0,2.0
46.0,4.1,3.0,2.0,2.0
85.0,5.0,2.0,3.0,2.0
48.0,2.59,2.0,3.0,2.0
63.0,2.75,2.0,3.0,2.0
85.0,2.4,1.0,2.0,1.0
97.0,5.9,1.0,2.0,1.0
65.0,3.4,2.0,3.0,3.0
65.0,3.4,2.0,3.0,3.0
67.0,2.69,2.0,2.0,2.0
54.0,2.7,2.0,2.0,2.0
170.0,12.8,4.0,5.0,5.0
30.0,2.2,2.0,2.0,2.0
93.0,5.3,3.0,3.0,3.0
70.0,4.2,3.0,5.0,4.0
40.0,2.75,2.0,3.0,2.0
28.0,1.42,2.0,2.0,2.0
42.0,1.68,1.0,2.0,1.0
120.0,12.5,3.0,5.0,5.0
48.0,2.6,2.0,3.0,2.0
54.0,2.05,2.0,2.0,2.0
54.0,2.05,2.0,2.0,2.0
48.0,2.6,2.0,3.0,2.0
180.0,10.7,3.0,3.0,4.0
69.0,7.0,3.0,3.0,4.0
59.0,5.0,4.0,3.0,4.0
82.0,6.8,3.0,4.0,4.0
31.0,2.05,2.0,2.0,2.0
79.0,6.5,3.0,4.0,3.0
100.0,4.2,3.0,3.0,3.0
115.0,12.3,4.0,5.0,5.0
90.0,6.5,3.0,4.0,4.0
99.0,5.2,2.0,2.0,2.0
130.0,6.5,3.0,3.0,3.0
59.0,5.0,4.0,3.0,4.0
56.0,3.9,1.0,2.0,2.0
36.0,2.85,3.0,2.0,3.0
86.0,5.3,3.0,3.0,2.0
120.0,15.0,3.0,3.0,3.0
120.0,15.0,3.0,3.0,3.0
80.0,5.0,2.0,3.0,3.0
65.0,3.95,3.0,3.0,3.0
80.0,5.0,2.0,3.0,3.0
40.0,1.75,2.0,2.0,1.0
90.0,2.45,2.0,3.0,2.0
44.0,3.3,1.0,3.0,1.0
80.0,11.0,3.0,3.0,3.0
61.0,2.5,2.0,2.0,2.0
59.0,5.0,4.0,3.0,4.0
41.0,2.2,2.0,2.0,2.0
88.0,3.98,3.0,5.0,3.0
115.0,3.9,1.0,3.0,3.0
88.0,3.98,3.0,5.0,3.0
60.0,3.85,3.0,3.0,3.0
90.0,7.5,4.0,5.0,4.0
100.0,3.1,3.0,3.0,3.0
52.0,3.35,3.0,3.0,2.0
41.0,2.2,2.0,2.0,2.0
81.0,5.9,3.0,3.0,3.0
81.0,2.19,1.0,2.0,1.0
60.0,5.4,3.0,3.0,4.0
72.0,2.65,2.0,3.0,2.0
103.0,7.5,1.0,2.0,1.0
52.0,2.86,2.0,2.0,2.0
90.0,5.2,1.0,2.0,1.0
106.0,4.2,3.0,4.0,3.0
90.0,3.9,3.0,3.0,2.0
90.0,5.25,1.0,2.0,1.0
32.0,1.75,1.0,2.0,1.0
93.0,5.5,2.0,3.0,2.0
110.0,10.8,2.0,3.0,3.0
70.0,13.0,2.0,3.0,2.0
30.0,2.05,3.0,3.0,2.0
110.0,10.8,2.0,5.0,5.0
70.0,4.4,3.0,3.0,3.0
17.0,1.25,2.0,2.0,2.0
65.0,1.79,1.0,2.0,1.0
43.0,1.95,2.0,2.0,1.0
120.0,11.0,3.0,5.0,5.0
52.0,3.35,3.0,3.0,2.0
52.0,3.35,3.0,3.0,2.0
110.0,7.8,3.0,5.0,5.0
130.0,7.5,3.0,3.0,4.0
80.0,6.5,3.0,5.0,5.0
100.0,6.9,2.0,3.0,2.0
154.0,13.8,2.0,3.0,3.0
90.0,2.85,2.0,3.0,3.0
60.0,2.65,3.0,3.0,3.0
50.0,3.5,3.0,3.0,3.0
99.0,3.3,1.0,3.0,1.0
103.0,9.05,1.0,2.0,1.0
52.0,4.1,3.0,3.0,4.0
98.0,3.97,2.0,2.0,2.0
54.0,2.45,2.0,3.0,2.0
90.0,5.28,1.0,2.0,1.0
93.0,5.45,2.0,3.0,2.0
151.0,4.4,2.0,5.0,4.0
112.0,3.2,2.0,3.0,2.0
49.0,5.6,3.0,3.0,2.0
61.0,4.9,2.0,2.0,2.0
61.0,2.29,1.0,2.0,2.0
68.0,10.8,4.0,4.0,4.0
61.0,3.8,2.0,3.0,2.0
51.0,3.6,3.0,4.0,2.0
75.0,3.3,2.0,2.0,2.0
76.0,13.7,2.0,4.0,2.0
30.0,2.2,2.0,2.0,2.0
80.0,3.99,2.0,3.0,2.0
95.0,2.25,1.0,2.0,2.0
86.0,5.3,3.0,4.0,4.0
95.0,2.25,1.0,2.0,2.0
75.0,10.0,3.0,3.0,3.0
53.0,2.3,2.0,3.0,2.0
38.0,4.5,4.0,2.0,2.0
23.0,1.5,2.0,2.0,1.0
40.0,1.82,2.0,2.0,1.0
75.0,8.5,4.0,5.0,5.0
49.0,5.6,3.0,3.0,2.0
133.0,7.5,2.0,3.0,3.0
132.0,11.5,3.0,4.0,4.0
34.0,2.35,4.0,3.0,3.0
37.0,3.05,1.0,2.0,2.0
60.0,3.45,1.0,2.0,1.0
44.0,1.57,1.0,2.0,1.0
47.0,6.8,2.0,4.0,2.0
52.0,2.85,3.0,3.0,3.0
100.0,3.7,3.0,4.0,4.0
81.0,3.4,2.0,3.0,2.0
50.0,4.18,3.0,3.0,3.0
90.0,6.3,2.0,3.0,2.0
42.0,2.7,3.0,2.0,2.0
22.0,5.85,4.0,3.0,3.0
135.0,9.99,3.0,4.0,3.0
125.0,11.95,3.0,4.0,3.0
59.0,4.1,2.0,2.0,2.0
66.0,2.18,1.0,3.0,2.0
100.0,3.6,3.0,4.0,4.0
50.0,4.7,3.0,3.0,3.0
38.0,2.18,2.0,2.0,2.0
113.0,7.2,3.0,4.0,4.0
80.0,2.29,2.0,3.0,2.0
180.0,10.5,3.0,5.0,5.0
100.0,5.6,2.0,4.0,2.0
90.0,5.39,2.0,2.0,1.0
87.0,9.45,3.0,3.0,3.0
56.0,4.4,3.0,3.0,3.0
31.0,1.79,3.0,3.0,2.0
88.0,9.15,3.0,3.0,4.0
170.0,11.9,4.0,4.0,5.0
170.0,11.9,4.0,4.0,5.0
90.0,6.9,4.0,4.0,5.0
90.0,6.9,4.0,4.0,5.0
100.0,11.5,2.0,3.0,2.0
80.0,5.2,2.0,3.0,2.0
70.0,3.55,3.0,3.0,3.0
80.0,3.99,2.0,3.0,2.0
90.0,3.75,3.0,3.0,3.0
53.0,2.3,2.0,3.0,2.0
80.0,3.99,2.0,3.0,2.0
27.0,3.79,4.0,3.0,4.0
77.0,6.2,2.0,3.0,2.0
40.0,1.75,2.0,2.0,2.0
31.0,3.95,3.0,2.0,3.0
78.0,3.5,3.0,3.0,3.0
65.0,3.1,3.0,3.0,3.0
80.0,3.99,2.0,3.0,2.0
90.0,8.8,4.0,5.0,5.0
78.0,3.5,3.0,3.0,3.0
80.0,2.29,2.0,3.0,2.0
90.0,8.8,4.0,5.0,5.0
100.0,5.75,3.0,3.0,4.0
53.0,2.23,2.0,2.0,2.0
50.0,2.1,2.0,2.0,2.0
100.0,6.9,2.0,3.0,2.0
80.0,5.3,2.0,3.0,2.0
41.0,2.38,2.0,2.0,2.0
65.0,5.2,2.0,2.0,1.0
85.0,5.4,2.0,2.0,2.0
65.0,5.2,2.0,2.0,1.0
60.0,4.8,3.0,4.0,3.0
70.0,3.55,3.0,3.0,3.0
85.0,5.2,2.0,3.0,2.0
50.0,4.3,4.0,4.0,4.0
72.0,4.2,3.0,4.0,3.0
37.0,2.18,2.0,2.0,2.0
75.0,3.15,3.0,3.0,2.0
102.0,8.9,2.0,4.0,4.0
100.0,8.5,4.0,5.0,5.0
60.0,3.85,3.0,3.0,3.0
100.0,5.99,3.0,5.0,3.0
90.0,5.45,2.0,2.0,1.0
100.0,13.99,3.0,5.0,4.0
180.0,10.5,3.0,5.0,5.0
190.0,12.7,2.0,2.0,2.0
126.0,16.0,4.0,5.0,5.0
31.0,1.45,1.0,2.0,1.0
102.0,8.9,2.0,4.0,3.0
92.0,2.29,2.0,3.0,2.0
41.0,2.59,3.0,3.0,2.0
48.0,4.18,3.0,3.0,3.0
55.0,16.5,3.0,4.0,3.0
113.0,7.2,3.0,4.0,4.0
90.0,5.59,2.0,2.0,1.0
100.0,7.5,3.0,3.0,3.0
85.0,2.69,2.0,3.0,2.0
70.0,3.35,1.0,3.0,2.0
56.0,4.6,2.0,3.0,2.0
72.0,4.2,3.0,4.0,3.0
23.0,1.35,2.0,2.0,2.0
48.0,4.15,3.0,3.0,3.0
85.0,2.69,2.0,3.0,2.0
50.0,4.7,3.0,3.0,3.0
40.0,2.55,2.0,2.0,2.0
59.0,2.95,2.0,4.0,3.0
48.0,4.15,3.0,3.0,3.0
100.0,4.6,2.0,4.0,2.0
100.0,4.9,2.0,5.0,5.0
93.0,5.4,3.0,3.0,4.0
51.0,3.75,4.0,3.0,3.0
41.0,2.59,3.0,3.0,2.0
147.0,4.5,3.0,3.0,5.0
70.0,2.5,2.0,3.0,3.0
50.0,1.78,2.0,2.0,2.0
195.0,12.5,2.0,3.0,4.0
41.0,1.43,1.0,2.0,1.0
93.0,4.5,2.0,3.0,3.0
32.0,2.0,2.0,2.0,2.0
110.0,4.5,2.0,5.0,5.0
90.0,2.8,2.0,2.0,1.0
50.0,2.15,2.0,2.0,2.0
40.0,2.2,2.0,3.0,2.0
55.0,4.5,3.0,3.0,3.0
51.0,2.68,2.0,2.0,1.0
62.0,1.78,1.0,2.0,1.0
55.0,4.5,3.0,3.0,3.0
52.0,1.7,2.0,3.0,2.0
100.0,5.2,1.0,3.0,2.0
60.0,4.2,2.0,2.0,2.0
64.0,1.85,1.0,2.0,1.0
51.0,2.68,2.0,2.0,1.0
60.0,4.1,4.0,3.0,3.0
67.0,3.8,2.0,3.0,2.0
195.0,12.5,2.0,3.0,4.0
70.0,3.5,2.0,3.0,2.0
34.0,2.25,4.0,4.0,3.0
61.0,4.6,2.0,3.0,2.0
70.0,6.3,2.0,3.0,2.0
28.0,1.68,2.0,2.0,2.0
70.0,2.5,2.0,3.0,3.0
100.0,2.3,1.0,2.0,2.0
69.0,3.5,2.0,3.0,2.0
64.0,1.85,1.0,2.0,1.0
70.0,3.58,2.0,3.0,2.0
61.0,4.9,2.0,2.0,2.0
51.0,3.75,3.0,3.0,4.0
50.0,3.45,3.0,3.0,3.0
85.0,4.8,3.0,3.0,4.0
64.0,1.85,1.0,2.0,1.0
90.0,2.85,2.0,3.0,3.0
117.0,13.8,2.0,3.0,3.0
73.0,2.45,2.0,4.0,2.0
70.0,3.58,2.0,3.0,2.0
69.0,3.5,2.0,3.0,2.0
78.0,3.45,2.0,2.0,2.0
41.0,6.1,3.0,3.0,3.0
195.0,12.5,2.0,3.0,4.0
95.0,5.25,3.0,5.0,4.0
60.0,4.1,4.0,3.0,3.0
68.0,3.5,2.0,3.0,2.0
50.0,2.65,2.0,3.0,3.0
68.0,3.5,2.0,3.0,2.0
165.0,14.0,1.0,3.0,2.0
108.0,2.8,2.0,3.0,2.0
20.0,1.35,2.0,2.0,2.0
41.0,2.95,3.0,3.0,3.0
52.0,3.25,2.0,3.0,2.0
48.0,4.18,3.0,3.0,3.0
86.0,3.3,2.0,3.0,2.0
70.0,2.55,2.0,3.0,2.0
56.0,1.72,2.0,3.0,2.0
96.0,11.99,2.0,3.0,3.0
30.0,2.19,3.0,2.0,2.0
130.0,15.0,2.0,3.0,3.0
30.0,1.25,2.0,2.0,2.0
61.0,2.49,2.0,2.0,2.0
61.0,2.49,2.0,2.0,2.0
50.0,2.65,2.0,3.0,3.0
38.0,2.19,2.0,2.0,2.0
60.0,4.15,3.0,3.0,3.0
70.0,2.48,1.0,4.0,4.0
100.0,16.5,3.0,5.0,5.0
61.0,2.5,2.0,2.0,2.0
50.0,3.45,3.0,3.0,3.0
115.0,10.1,2.0,4.0,2.0
43.0,2.65,2.0,3.0,2.0
90.0,3.9,2.0,3.0,2.0
183.0,10.0,2.0,4.0,3.0
80.0,5.95,4.0,5.0,5.0
77.0,4.0,3.0,5.0,5.0
33.0,1.56,2.0,2.0,2.0
75.0,3.5,2.0,2.0,2.0
100.0,16.5,3.0,5.0,5.0
89.0,8.7,2.0,3.0,3.0
48.0,2.95,3.0,3.0,3.0
55.0,2.15,2.0,2.0,2.0
110.0,4.39,2.0,5.0,5.0
60.0,4.15,3.0,3.0,3.0
100.0,5.4,4.0,5.0,5.0
88.0,5.2,1.0,2.0,1.0
63.0,2.99,2.0,3.0,3.0
85.0,3.2,2.0,3.0,2.0
43.0,2.65,2.0,3.0,2.0
61.0,2.29,1.0,2.0,2.0
63.0,8.5,3.0,3.0,5.0
84.0,6.2,3.0,3.0,4.0
43.0,2.27,2.0,2.0,2.0
65.0,3.15,3.0,3.0,2.0
43.0,2.65,2.0,3.0,2.0
40.0,2.65,2.0,3.0,2.0
52.0,1.92,2.0,2.0,2.0
60.0,2.75,3.0,3.0,3.0
30.0,2.09,2.0,2.0,2.0
140.0,11.0,4.0,5.0,5.0
76.0,4.6,3.0,3.0,4.0
97.0,3.75,2.0,3.0,3.0
97.0,3.75,2.0,3.0,3.0
42.0,2.2,2.0,3.0,2.0
78.0,2.15,1.0,3.0,2.0
68.0,2.54,2.0,3.0,2.0
57.0,3.59,2.0,3.0,3.0
63.0,4.15,3.0,4.0,3.0
110.0,11.0,2.0,3.0,2.0
61.0,2.3,1.0,2.0,2.0
68.0,2.3,2.0,4.0,2.0
80.0,4.9,3.0,3.0,4.0
68.0,4.95,3.0,3.0,4.0
42.0,3.1,2.0,3.0,2.0
52.0,2.65,2.0,3.0,3.0
90.0,3.8,3.0,3.0,3.0
90.0,5.69,1.0,2.0,1.0
105.0,4.1,2.0,3.0,2.0
59.0,4.2,2.0,2.0,2.0
145.0,9.89,3.0,4.0,5.0
35.0,1.55,1.0,2.0,2.0
30.0,2.1,3.0,2.0,2.0
40.0,1.73,2.0,2.0,2.0
70.0,13.5,4.0,3.0,4.0
100.0,4.65,2.0,3.0,2.0
40.0,1.55,2.0,2.0,2.0
41.0,2.7,2.0,2.0,2.0
93.0,5.2,2.0,3.0,2.0
40.0,2.55,2.0,2.0,2.0
59.0,3.9,2.0,2.0,2.0
127.0,4.9,2.0,3.0,3.0
100.0,5.4,3.0,3.0,4.0
73.0,4.8,3.0,3.0,3.0
55.0,2.8,2.0,3.0,2.0
42.0,2.15,2.0,2.0,2.0
75.0,5.25,3.0,4.0,4.0
70.0,4.3,3.0,5.0,5.0
75.0,4.8,3.0,3.0,4.0
180.0,12.7,3.0,4.0,5.0
93.0,5.4,3.0,3.0,4.0
91.0,4.45,3.0,3.0,4.0
131.0,3.85,3.0,3.0,3.0
62.0,5.1,3.0,4.0,3.0
80.0,2.92,3.0,3.0,3.0
31.0,1.39,2.0,2.0,2.0
116.0,5.35,3.0,5.0,5.0
68.0,4.95,3.0,3.0,4.0
80.0,5.1,3.0,3.0,4.0
51.0,2.6,2.0,2.0,2.0
52.0,2.85,2.0,2.0,2.0
71.0,11.99,4.0,4.0,4.0
62.0,3.2,2.0,3.0,3.0
42.0,3.1,2.0,3.0,2.0
60.0,2.75,3.0,3.0,3.0
100.0,4.15,3.0,3.0,3.0
90.0,6.49,3.0,4.0,4.0
72.0,3.3,2.0,3.0,2.0
70.0,4.8,3.0,3.0,4.0
74.0,3.55,2.0,3.0,2.0
100.0,4.6,2.0,3.0,2.0
127.0,7.6,4.0,5.0,5.0
70.0,3.6,2.0,3.0,2.0
80.0,2.15,2.0,2.0,1.0
97.0,3.75,2.0,3.0,3.0
80.0,3.99,3.0,3.0,4.0
91.0,6.35,3.0,3.0,4.0
44.0,4.39,4.0,3.0,4.0
80.0,2.15,2.0,2.0,1.0
93.0,1.3,1.0,2.0,1.0
60.0,2.65,3.0,3.0,3.0
91.0,2.89,2.0,3.0,3.0
42.0,3.1,2.0,3.0,2.0
63.0,2.5,2.0,3.0,3.0
40.0,1.85,1.0,2.0,2.0
45.0,3.4,3.0,4.0,4.0
127.0,7.6,4.0,5.0,5.0
110.0,3.35,1.0,2.0,1.0
170.0,8.5,2.0,4.0,4.0
80.0,6.2,3.0,3.0,3.0
100.0,2.75,2.0,3.0,1.0
40.0,1.55,2.0,2.0,2.0
100.0,5.1,3.0,3.0,3.0
170.0,8.5,2.0,4.0,4.0
100.0,2.75,2.0,3.0,1.0
67.0,3.8,2.0,3.0,2.0
73.0,4.8,3.0,3.0,3.0
60.0,5.95,3.0,3.0,4.0
175.0,11.0,3.0,4.0,5.0
70.0,2.9,1.0,3.0,2.0
62.0,3.2,2.0,3.0,2.0
110.0,3.35,1.0,2.0,1.0
52.0,2.85,2.0,2.0,2.0
76.0,4.6,3.0,5.0,5.0
80.0,2.15,2.0,2.0,2.0
60.0,3.25,3.0,3.0,3.0
42.0,2.55,3.0,3.0,3.0
93.0,5.4,3.0,3.0,4.0
40.0,3.55,3.0,3.0,3.0
28.0,1.69,2.0,2.0,2.0
80.0,6.6,4.0,5.0,5.0
87.0,7.6,4.0,5.0,5.0
50.0,3.45,3.0,3.0,3.0
50.0,3.45,3.0,3.0,3.0
42.0,1.75,1.0,2.0,1.0
125.0,8.0,2.0,3.0,2.0
70.0,5.9,3.0,3.0,3.0
120.0,3.9,1.0,5.0,5.0
85.0,4.8,3.0,3.0,4.0
67.0,3.8,2.0,3.0,2.0
75.0,2.95,2.0,3.0,3.0
40.0,2.55,2.0,2.0,2.0
77.0,4.6,3.0,5.0,5.0
86.0,5.99,4.0,5.0,5.0
60.0,6.5,3.0,3.0,2.0
86.0,5.99,4.0,5.0,5.0
180.0,7.0,2.0,3.0,1.0
123.0,2.9,1.0,2.0,1.0
180.0,12.7,3.0,4.0,5.0
45.0,2.95,2.0,3.0,2.0
120.0,7.88,4.0,4.0,4.0
54.0,2.48,2.0,2.0,3.0
58.0,4.55,3.0,4.0,4.0
50.0,4.1,4.0,4.0,4.0
42.0,2.55,3.0,3.0,3.0
80.0,2.75,3.0,3.0,3.0
93.0,5.4,3.0,3.0,4.0
60.0,3.8,3.0,3.0,3.0
93.0,5.9,3.0,4.0,4.0
58.0,3.38,3.0,3.0,3.0
50.0,3.55,3.0,3.0,3.0
50.0,3.5,3.0,3.0,3.0
65.0,4.19,3.0,4.0,4.0
43.0,2.57,3.0,3.0,3.0
52.0,2.68,3.0,3.0,3.0
131.0,3.85,3.0,3.0,3.0
51.0,3.75,3.0,3.0,4.0
70.0,5.85,2.0,3.0,4.0
70.0,5.85,2.0,3.0,4.0
50.0,3.44,3.0,3.0,4.0
83.0,3.8,3.0,3.0,3.0
56.0,3.4,3.0,3.0,3.0
38.0,2.18,2.0,2.0,2.0
100.0,3.59,3.0,3.0,4.0
100.0,4.29,3.0,3.0,4.0
50.0,3.55,3.0,4.0,4.0
44.0,4.39,4.0,3.0,4.0
100.0,14.0,3.0,4.0,4.0
60.0,2.65,3.0,3.0,3.0
65.0,3.95,3.0,3.0,3.0
52.0,1.86,2.0,3.0,2.0
100.0,4.7,3.0,4.0,3.0
34.0,1.99,3.0,3.0,2.0
91.0,2.89,2.0,3.0,3.0
43.0,1.95,2.0,2.0,1.0
142.0,3.85,2.0,5.0,5.0
100.0,5.8,2.0,3.0,2.0
42.0,3.1,2.0,3.0,2.0
40.0,1.85,1.0,2.0,2.0
88.0,4.8,3.0,4.0,3.0
75.0,3.4,1.0,2.0,1.0
96.0,4.15,3.0,4.0,4.0
80.0,2.15,2.0,2.0,2.0
60.0,3.29,3.0,3.0,3.0
100.0,10.5,4.0,4.0,4.0
63.0,2.5,2.0,3.0,3.0
102.0,3.69,2.0,3.0,3.0
100.0,10.5,4.0,4.0,4.0
61.0,2.98,3.0,3.0,3.0
90.0,3.79,2.0,3.0,3.0
75.0,7.6,4.0,4.0,4.0
33.0,1.79,2.0,2.0,2.0
80.0,4.3,2.0,3.0,2.0
80.0,4.7,3.0,4.0,4.0
42.0,1.75,1.0,2.0,1.0
60.0,3.1,3.0,3.0,3.0
63.0,2.5,2.0,3.0,3.0
83.0,2.35,1.0,3.0,2.0
61.0,2.48,2.0,3.0,3.0
105.0,3.8,2.0,3.0,3.0
50.0,3.85,4.0,4.0,4.0
100.0,5.8,3.0,3.0,3.0
100.0,6.25,3.0,3.0,3.0
100.0,6.39,3.0,3.0,3.0
65.0,13.0,3.0,4.0,4.0
123.0,2.9,1.0,2.0,1.0
44.0,2.85,3.0,3.0,2.0
44.0,2.85,3.0,2.0,2.0
50.0,3.55,3.0,2.0,2.0
91.0,6.35,3.0,3.0,4.0
68.0,3.49,3.0,3.0,3.0
58.0,3.49,1.0,3.0,3.0
98.0,3.5,2.0,3.0,2.0
70.0,3.15,3.0,3.0,3.0
44.0,2.85,3.0,3.0,2.0
72.0,5.4,3.0,3.0,4.0
46.0,1.99,2.0,3.0,2.0
142.0,3.9,2.0,5.0,5.0
110.0,7.9,3.0,5.0,5.0
160.0,8.2,1.0,5.0,5.0
50.0,3.75,3.0,3.0,3.0
58.0,3.49,1.0,3.0,3.0
100.0,5.8,3.0,4.0,3.0
22.0,1.25,2.0,2.0,1.0
65.0,5.59,2.0,3.0,3.0
75.0,3.99,3.0,3.0,3.0
87.0,7.6,4.0,5.0,5.0
90.0,4.9,2.0,3.0,3.0
73.0,6.2,2.0,3.0,2.0
60.0,3.9,3.0,3.0,3.0
60.0,5.95,3.0,3.0,4.0
61.0,4.69,4.0,3.0,3.0
83.0,6.99,3.0,3.0,3.0
66.0,4.89,3.0,3.0,3.0
82.0,4.49,2.0,2.0,3.0
90.0,2.25,2.0,3.0,2.0
100.0,4.9,2.0,4.0,2.0
17.0,1.2,2.0,2.0,1.0
60.0,6.6,4.0,5.0,5.0
90.0,4.9,2.0,4.0,4.0
105.0,13.9,3.0,3.0,3.0
110.0,10.49,4.0,5.0,4.0
49.0,2.35,2.0,2.0,2.0
90.0,5.8,2.0,3.0,2.0
95.0,5.95,3.0,4.0,4.0
75.0,6.9,3.0,5.0,4.0
2.0,2.2,1.0,3.0,3.0
100.0,3.4,4.0,4.0,4.0
80.0,4.09,3.0,3.0,4.0
100.0,5.5,3.0,3.0,4.0
70.0,4.8,3.0,3.0,4.0
100.0,5.5,3.0,5.0,3.0
80.0,6.6,4.0,5.0,5.0
60.0,6.6,3.0,3.0,2.0
86.0,5.99,4.0,5.0,5.0
68.0,7.2,3.0,3.0,3.0
65.0,2.95,2.0,2.0,2.0
120.0,6.7,3.0,5.0,4.0
65.0,3.33,1.0,3.0,1.0
180.0,5.75,2.0,5.0,5.0
100.0,5.5,3.0,5.0,3.0
65.0,2.95,2.0,2.0,2.0
42.0,2.55,3.0,3.0,3.0
40.0,1.75,2.0,2.0,2.0
68.0,3.5,3.0,3.0,3.0
60.0,2.29,2.0,3.0,2.0
72.0,3.3,2.0,3.0,2.0
160.0,9.0,2.0,4.0,4.0
93.0,3.4,2.0,3.0,2.0
42.0,3.1,2.0,3.0,2.0
86.0,5.99,4.0,5.0,5.0
50.0,2.35,2.0,2.0,2.0
100.0,13.9,4.0,4.0,5.0
100.0,13.9,4.0,4.0,5.0
130.0,3.75,2.0,5.0,5.0
80.0,6.6,4.0,5.0,5.0
97.0,8.6,2.0,5.0,5.0
86.0,6.0,4.0,5.0,5.0
65.0,6.19,3.0,3.0,4.0
120.0,7.5,3.0,5.0,5.0
85.0,7.8,3.0,3.0,4.0
100.0,3.45,2.0,2.0,2.0
60.0,2.95,2.0,3.0,3.0
33.0,1.48,2.0,2.0,2.0
60.0,2.75,2.0,3.0,3.0
97.0,3.9,2.0,3.0,3.0
57.0,3.55,3.0,3.0,3.0
96.0,14.0,3.0,3.0,3.0
46.0,2.6,2.0,2.0,2.0
50.0,4.2,3.0,3.0,3.0
80.0,6.5,3.0,3.0,3.0
60.0,2.8,3.0,3.0,3.0
97.0,5.9,1.0,2.0,1.0
90.0,6.49,3.0,4.0,4.0
77.0,4.99,4.0,3.0,4.0
100.0,4.45,3.0,3.0,3.0
50.0,4.05,3.0,3.0,2.0
51.0,2.6,2.0,2.0,2.0
40.0,2.0,2.0,2.0,2.0
90.0,2.55,2.0,3.0,2.0
85.0,7.2,3.0,3.0,3.0
58.0,1.75,2.0,2.0,2.0
84.0,4.8,3.0,3.0,4.0
43.0,1.79,2.0,2.0,2.0
112.0,7.8,3.0,5.0,5.0
49.0,3.35,2.0,2.0,2.0
55.0,2.48,2.0,2.0,2.0
64.0,7.7,2.0,3.0,2.0
70.0,2.65,2.0,3.0,2.0
43.0,2.57,3.0,3.0,3.0
72.0,5.4,3.0,4.0,4.0
68.0,4.65,3.0,4.0,4.0
84.0,4.8,3.0,3.0,4.0
72.0,5.2,3.0,3.0,4.0
60.0,3.55,3.0,3.0,4.0
100.0,5.4,3.0,3.0,4.0
65.0,7.1,3.0,3.0,4.0
65.0,7.1,3.0,3.0,4.0
100.0,4.89,2.0,2.0,2.0
65.0,5.85,3.0,3.0,4.0
65.0,5.85,3.0,3.0,4.0
103.0,3.1,2.0,3.0,2.0
53.0,4.4,3.0,3.0,3.0
150.0,6.45,3.0,4.0,4.0
150.0,6.45,3.0,4.0,4.0
125.0,3.84,2.0,5.0,5.0
64.0,2.68,2.0,3.0,2.0
40.0,2.55,3.0,2.0,2.0
50.0,2.75,2.0,2.0,2.0
100.0,6.99,3.0,3.0,3.0
80.0,4.69,3.0,3.0,3.0
44.0,4.49,3.0,4.0,4.0
40.0,2.39,3.0,3.0,2.0
40.0,1.55,1.0,2.0,1.0
63.0,2.55,1.0,2.0,1.0
61.0,2.29,1.0,2.0,1.0
75.0,4.9,3.0,3.0,4.0
40.0,2.65,2.0,2.0,2.0
80.0,5.1,3.0,3.0,4.0
72.0,5.2,3.0,3.0,4.0
84.0,5.0,3.0,3.0,4.0
75.0,5.75,3.0,3.0,4.0
40.0,2.49,2.0,2.0,1.0
125.0,3.84,2.0,5.0,5.0
75.0,5.25,3.0,4.0,4.0
30.0,1.85,2.0,2.0,2.0
41.0,6.3,3.0,3.0,3.0
75.0,4.8,3.0,3.0,4.0
95.0,5.95,3.0,4.0,4.0
48.0,2.85,2.0,3.0,3.0
60.0,2.7,2.0,3.0,2.0
180.0,12.7,3.0,4.0,5.0
68.0,4.65,3.0,4.0,4.0
44.0,2.65,2.0,3.0,3.0
40.0,2.55,2.0,2.0,2.0
41.0,6.3,3.0,3.0,3.0
84.0,3.49,2.0,3.0,3.0
67.0,9.8,3.0,3.0,3.0
93.0,5.4,3.0,3.0,4.0
50.0,3.44,3.0,3.0,4.0
91.0,4.45,3.0,3.0,4.0
30.0,1.59,2.0,2.0,1.0
131.0,3.85,3.0,3.0,3.0
62.0,5.1,3.0,4.0,3.0
116.0,5.35,3.0,5.0,5.0
53.0,3.49,3.0,3.0,3.0
180.0,12.69,3.0,5.0,5.0
58.0,4.59,4.0,4.0,5.0
93.0,5.4,3.0,3.0,4.0
180.0,12.7,3.0,4.0,5.0
30.0,2.09,3.0,3.0,3.0
40.0,2.49,2.0,2.0,1.0
42.0,1.89,2.0,3.0,2.0
42.0,1.89,2.0,3.0,2.0
34.0,1.99,3.0,3.0,2.0
42.0,2.07,2.0,2.0,2.0
75.0,5.25,3.0,4.0,4.0
50.0,4.1,4.0,4.0,4.0
50.0,4.7,3.0,3.0,3.0
58.0,4.55,3.0,4.0,4.0
86.0,3.85,1.0,2.0,1.0
75.0,5.09,3.0,4.0,4.0
90.0,6.5,3.0,4.0,4.0
127.0,4.9,2.0,3.0,3.0
67.0,4.35,2.0,3.0,2.0
80.0,6.5,3.0,3.0,3.0
44.0,2.65,2.0,3.0,3.0
44.0,2.65,2.0,3.0,3.0
58.0,4.55,3.0,4.0,4.0
50.0,4.7,3.0,3.0,3.0
84.0,5.2,3.0,3.0,4.0
63.0,4.1,3.0,4.0,4.0
65.0,2.79,2.0,3.0,2.0
80.0,4.6,3.0,5.0,5.0
40.0,1.73,2.0,2.0,2.0
30.0,1.49,1.0,2.0,1.0
75.0,5.75,3.0,3.0,4.0
42.0,2.07,2.0,2.0,2.0
50.0,4.1,4.0,4.0,4.0
40.0,2.49,2.0,2.0,1.0
42.0,1.89,2.0,3.0,2.0
30.0,2.09,3.0,3.0,3.0
50.0,2.59,2.0,2.0,2.0
95.0,5.95,3.0,4.0,4.0
41.0,2.65,2.0,2.0,2.0
78.0,6.25,2.0,2.0,2.0
157.0,8.5,4.0,3.0,3.0
43.0,2.57,3.0,3.0,3.0
58.0,4.59,4.0,4.0,5.0
80.0,7.17,3.0,4.0,4.0
65.0,2.79,2.0,3.0,2.0
130.0,3.0,3.0,4.0,3.0
175.0,6.49,4.0,4.0,4.0
67.0,9.8,3.0,3.0,3.0
50.0,3.44,3.0,3.0,4.0
